timestamp,close,high,low,open,volume,200_ma,rsi,adx,macd_histogram,atr,obv,market_state,questionable
2024-08-29 00:00:00,59388.1796875,61184.08203125,58786.2265625,59027.46875,32224990582,63589.3123242188,45.6673660420348,20.0947834139644,18.406541562014,2695.22288694362,1239687119466,Bull,False
2024-08-30 00:00:00,59119.4765625,59896.88671875,57768.53125,59388.6015625,32292756405,63635.11859375,44.9809594109327,20.071926344101,-81.8011834399945,2654.73235707264,1207394363061,Bear,False
2024-08-31 00:00:00,58969.8984375,59432.59375,58768.78515625,59117.48046875,12403470760,63681.2558789063,44.579271716815,20.050701922085,-148.280010564066,2512.52351683531,1194990892301,Bear,False
2024-09-01 00:00:00,57325.48828125,59062.0703125,57217.82421875,58969.80078125,24592449997,63708.74984375,40.316701423021,20.5720858471565,-285.192015862828,2464.78941518636,1170398442304,Bear,False
2024-09-02 00:00:00,59112.48046875,59403.0703125,57136.02734375,57326.96875,27036454524,63744.6194726563,46.3232125634127,20.8573004713803,-239.438927680813,2450.66466901234,1197434896828,Bear,False
2024-09-03 00:00:00,57431.0234375,59815.05859375,57425.16796875,59106.19140625,26666961053,63770.9735742188,42.0363257124278,20.8759797352196,-302.395946662994,2446.3236658686,1170767935775,Bear,False
2024-09-04 00:00:00,57971.5390625,58511.5703125,55673.1640625,57430.34765625,35627680312,63802.5162890625,43.835657257348494,21.5269389163669,-287.69971826489,2474.32956473513,1206395616087,Bear,False
2024-09-05 00:00:00,56160.48828125,58300.58203125,55712.453125,57971.703125,31030280656,63822.7059960938,39.420149867301,22.1314010131466,-374.518087884596,2482.45808912905,1175365335431,Bear,False
2024-09-06 00:00:00,53948.75390625,56976.109375,52598.69921875,56160.19140625,49361693566,63833.5540429688,34.8087897381815,23.6337020226384,-545.129766884949,2617.81180820911,1126003641865,Bear,False
2024-09-07 00:00:00,54139.6875,54838.14453125,53740.0703125,53949.0859375,19061486526,63842.8281054688,35.5101420805302,25.0286958171665,-604.742605020995,2509.25912324775,1145065128391,Bear,False
2024-09-08 00:00:00,54841.56640625,55300.859375,53653.7578125,54147.93359375,18268287531,63857.8400390625,38.1445888809017,26.0028269869978,-557.672849721523,2447.6764403372,1163333415922,Bear,False
2024-09-09 00:00:00,57019.53515625,58041.125,54598.43359375,54851.88671875,34618096173,63886.4128515625,45.5743639014583,25.2542648325541,-350.732331350592,2518.7489379024,1197951512095,Bear,False
2024-09-10 00:00:00,57648.7109375,58029.9765625,56419.4140625,57020.09765625,28857630507,63920.9966601563,47.5348941840619,24.5591714034279,-152.477038897679,2453.87847805222,1226809142602,Bear,False
2024-09-11 00:00:00,57343.171875,57991.3203125,55567.33984375,57650.2890625,37049062672,63949.8570117188,46.655959515996,24.2562905734289,-29.3621394703478,2451.74290595921,1189760079930,Bear,False
2024-09-12 00:00:00,58127.01171875,58534.359375,57330.1015625,57343.171875,33835707949,63981.8258789063,49.2485719951928,23.652734574109,109.79086991848,2362.63682785498,1223595787879,Bear,False
2024-09-13 00:00:00,60571.30078125,60648.0234375,57650.11328125,58130.32421875,32490528356,64012.0703710938,56.3697143554284,21.9685829857493,357.41737965728,2408.01349416891,1256086316235,Bear,False
2024-09-14 00:00:00,60005.12109375,60656.72265625,59517.8828125,60569.1171875,16428405496,64026.6691210938,54.463408329404,20.4004265229342,467.116277983186,2317.3582334247,1239657910739,Bear,False
2024-09-15 00:00:00,59182.8359375,60381.91796875,58696.30859375,60000.7265625,18120960867,64010.0593554688,51.7273828232002,19.3561683178436,467.20551886630096,2272.23331496579,1221536949872,Bear,False
2024-09-16 00:00:00,58192.5078125,59205.51171875,57501.33984375,59185.2265625,32032822113,63995.0299804688,48.5631835898018,18.9440886383993,386.799906231592,2231.65749782538,1189504127759,Bear,False
2024-09-17 00:00:00,60308.5390625,61316.08984375,57628.0703125,58192.5078125,38075570118,63984.3695117188,54.9099393052871,17.7249662043852,457.51567699736705,2335.68335735571,1227579697877,Bear,False
2024-09-18 00:00:00,61649.6796875,61664.06640625,59218.25390625,60309.0,40990702891,63982.468671875,58.412438784332,16.7583419880864,568.749885439551,2343.54972468744,1268570400768,Bear,False
2024-09-19 00:00:00,62940.45703125,63872.44140625,61609.8671875,61651.15625,42710252573,63981.3341015625,61.5112344564677,16.8113051446674,695.038821645621,2337.76575997763,1311280653341,Ranging,False
2024-09-20 00:00:00,63192.9765625,64119.53125,62364.60546875,62941.42578125,35177164222,63955.6469140625,62.1061111962507,16.9574879834595,756.300172736433,2296.13433292565,1346457817563,Ranging,False
2024-09-21 00:00:00,63394.83984375,63543.359375,62783.10546875,63184.33984375,14408616220,63953.6151171875,62.6036978273264,17.0932291909094,768.635547406687,2186.42858816311,1360866433783,Ranging,False
2024-09-22 00:00:00,63648.7109375,63993.421875,62440.7265625,63396.8046875,20183348802,63941.3246484375,63.2571487724734,17.4140426903855,751.225568389246,2141.16192561574,1381049782585,Ranging,False
2024-09-23 00:00:00,63329.80078125,64733.55859375,62628.078125,63643.1015625,31400285425,63923.3462304688,61.7963613734576,18.0265632517524,677.818681531111,2138.61325012533,1349649497160,Ranging,False
2024-09-24 00:00:00,64301.96875,64695.21484375,62737.41796875,63326.83984375,29938335243,63903.3556054688,64.4885382591416,18.5953323444503,654.010831846801,2125.69779475924,1379587832403,Ranging,False
2024-09-25 00:00:00,63143.14453125,64804.50390625,62945.375,64302.58984375,25078377700,63876.5769140625,59.1388025390998,19.1738435708609,525.053178592565,2106.65715986572,1354509454703,Ranging,False
2024-09-26 00:00:00,65181.01953125,65790.796875,62669.26953125,63138.546875,36873129847,63857.3830664063,64.6867478614536,20.154798929273,539.759012493941,2179.14788728603,1391382584550,Bull,False
2024-09-27 00:00:00,65790.6640625,66480.6953125,64852.9921875,65180.6640625,32058813449,63825.7168554688,66.1667052099568,21.3532802563265,551.362880926517,2139.75897569417,1423441397999,Bull,False
2024-09-28 00:00:00,65887.6484375,66255.53125,65458.03515625,65792.1796875,15243637984,63797.7486523438,66.4078947552948,22.4661557743047,526.440762501451,2043.8830555553,1438685035983,Bull,False
2024-09-29 00:00:00,65635.3046875,66069.34375,65450.015625,65888.8984375,14788214575,63760.5076757813,65.1073665360989,23.491633467834,456.438151940594,1942.1291319442,1423896821408,Bull,False
2024-09-30 00:00:00,63329.5,65635.0546875,62873.6171875,65634.65625,37112957475,63720.1722070313,54.5875468971675,22.3079087069703,229.762220134411,2000.66901537676,1386783863933,Bull,False
2024-10-01 00:00:00,60837.0078125,64110.98046875,60189.27734375,63335.60546875,50220923500,63677.3383789063,45.9454916371336,21.7242463079756,-95.6684219419738,2137.88573749271,1336562940433,Bull,False
2024-10-02 00:00:00,60632.78515625,62357.6875,59996.94921875,60836.32421875,40762722398,63653.92671875,45.3125024280906,21.2740738816508,-319.686927857929,2153.80377633251,1295800218035,Bull,False
2024-10-03 00:00:00,60759.40234375,61469.0390625,59878.8046875,60632.484375,36106447279,63615.7706054688,45.8109714732536,20.9152902712489,-446.556794154408,2113.54881909448,1331906665314,Bull,False
2024-10-04 00:00:00,62067.4765625,62465.9921875,60459.94140625,60754.625,29585472513,63588.3650195313,50.8002468358166,19.9027978304729,-429.469426287177,2105.87038781987,1361492137827,Bull,False
2024-10-05 00:00:00,62089.94921875,62371.0234375,61689.58203125,62067.609375,13305410749,63589.2508984375,50.8839142916182,18.9626262783239,-404.113441644189,2004.12546056488,1374797548576,Bull,False
2024-10-06 00:00:00,62818.953125,62959.5703125,61833.1484375,62084.98828125,14776233667,63563.7773046875,53.6382303487208,17.6851989967809,-328.893820743219,1941.43234731025,1389573782243,Ranging,False
2024-10-07 00:00:00,62236.66015625,64443.70703125,62152.55078125,62819.109375,34253562610,63547.5036523438,51.16991255407,17.253974205455,-309.298063065121,1966.4126260738,1355320219633,Ranging,False
2024-10-08 00:00:00,62131.96875,63174.3046875,61843.5625,62221.64453125,28134475157,63539.2696875,50.7180118429781,16.6346026992831,-294.409138435055,1921.0075947471,1327185744476,Ranging,False
2024-10-09 00:00:00,60582.1015625,62508.8359375,60314.61328125,62131.7265625,27670982363,63521.8691796875,44.4583632450447,15.8232536769556,-374.807591790771,1940.52295628302,1299514762113,Ranging,False
2024-10-10 00:00:00,60274.5,61236.72265625,58895.20703125,60581.9296875,30452813570,63487.0708203125,43.315716537594,15.8355098234972,-430.58295552168306,1969.16528976281,1269061948543,Ranging,False
2024-10-11 00:00:00,62445.08984375,63400.87109375,60046.125,60275.4609375,30327141594,63449.5022070313,52.5778967582631,14.8601667406745,-308.867435279604,2068.13534719046,1299389090137,Ranging,False
2024-10-12 00:00:00,63193.0234375,63448.78515625,62443.26953125,62444.6171875,16744110886,63415.5281445313,55.2889343753248,13.9804977907565,-172.371223157671,1992.23393846257,1316133201023,Ranging,False
2024-10-13 00:00:00,62851.375,63272.65234375,62035.63671875,63192.9453125,18177529690,63382.5083007813,53.7765954919743,13.0416670025374,-102.907827591144,1938.28977321525,1297955671333,Ranging,False
2024-10-14 00:00:00,66046.125,66482.4921875,62442.15234375,62848.3984375,43706958056,63359.0141601563,63.759324937169,13.6243841943345,146.818545586372,2088.43620682487,1341662629389,Ranging,False
2024-10-15 00:00:00,67041.109375,67881.6796875,64809.1953125,66050.3671875,48863870879,63344.7555664063,66.207128347326,14.6891852800449,355.720659423387,2158.72536169452,1390526500268,Ranging,False
2024-10-16 00:00:00,67612.71875,68375.2890625,66758.7265625,67042.4609375,38195189534,63334.5926367188,67.562610842895,15.8522219777986,500.25436164487104,2119.99944300206,1428721689802,Ranging,False
2024-10-17 00:00:00,67399.8359375,67912.2109375,66647.390625,67617.078125,32790898511,63314.9235742188,66.4928911983791,16.8552374513941,545.66185541733,2058.91521939477,1395930791291,Ranging,False
2024-10-18 00:00:00,68418.7890625,68969.75,67177.8203125,67419.109375,36857165014,63308.5067773438,69.0211801473284,18.1752324980855,603.927844265194,2039.84482425943,1432787956305,Ranging,False
2024-10-19 00:00:00,68362.734375,68668.0078125,68024.640625,68418.9765625,14443497908,63323.0855859375,68.7140110901344,19.400942184299,597.217928401877,1940.09642163375,1418344458397,Ranging,False
2024-10-20 00:00:00,69001.703125,69359.0078125,68105.71875,68364.1796875,18975847518,63338.1900390625,70.3346877378475,20.7956544122683,593.127710751402,1891.0387531242,1437320305915,Ranging,False
2024-10-21 00:00:00,67367.8515625,69462.734375,66829.8515625,69002.0,37498611780,63332.485078125,61.554143371416,21.1037595978406,444.49594450545106,1944.02761450819,1399821694135,Bull,False
2024-10-22 00:00:00,67361.40625,67801.578125,66581.3671875,67360.703125,31808472566,63330.10390625,61.52151503253,21.2072471556155,315.904027411408,1892.32642329332,1368013221569,Bull,False
2024-10-23 00:00:00,66432.1953125,67402.7421875,65188.03515625,67362.375,32263980353,63317.7843359375,56.8433816852446,20.3418072321604,147.004944693483,1915.35360957594,1335749241216,Bull,False
2024-10-24 00:00:00,68161.0546875,68798.9609375,66454.1015625,66653.703125,31414428647,63311.7768359375,62.549414061259,20.2263333657957,130.992864052495,1947.59732496337,1367163669863,Bull,False
2024-10-25 00:00:00,66642.4140625,68722.15625,65521.79296875,68165.296875,41469984306,63286.832109375,55.5958248561616,19.5186064407971,4.10035164363694,2037.08060755527,1325693685557,Bull,False
2024-10-26 00:00:00,67014.6953125,67317.921875,66360.59375,66628.734375,19588098156,63276.2105078125,56.861866434987,18.8614314390127,-64.9730811125853,1959.95543022989,1345281783713,Bull,False
2024-10-27 00:00:00,67929.296875,68221.3125,66847.2265625,67023.4765625,16721307878,63262.917578125,59.8877139247349,18.7233773711025,-59.427989221557,1918.10760932062,1362003091591,Bull,False
2024-10-28 00:00:00,69907.7578125,70212.265625,67535.1328125,67922.671875,38799856657,63262.1533203125,65.5216552110118,19.4786846850568,60.6243337890592,1972.323695262,1400802948248,Bull,False
2024-10-29 00:00:00,72720.4921875,73577.2109375,69729.9140625,69910.046875,58541874402,63289.7764453125,71.6237139090891,21.2568586203049,299.257436389101,2106.25035095757,1459344822650,Bull,False
2024-10-30 00:00:00,72339.5390625,72905.296875,71411.734375,72715.3671875,40646637831,63332.3667773438,69.8213369125519,22.9080201316066,395.209389338768,2062.48693303203,1418698184819,Bull,False
2024-10-31 00:00:00,70215.1875,72662.3125,69590.5,72335.046875,40627912076,63354.7490820313,60.6550160671866,23.2239372227935,284.541224428525,2134.58161638689,1378070272743,Bull,False
2024-11-01 00:00:00,69482.46875,71559.015625,68779.703125,70216.8984375,49989795365,63385.0303710938,57.8347421183488,23.0301315393682,138.331208594143,2180.63382235925,1328080477378,Bull,False
2024-11-02 00:00:00,69289.2734375,69867.3515625,69033.71875,69486.0234375,18184612091,63412.417421875,57.081107349247105,22.8501691190447,11.6246603414297,2084.41946451216,1309895865287,Bull,False
2024-11-03 00:00:00,68741.1171875,69361.65625,67482.5234375,69296.3828125,34868307655,63449.7395507813,54.8953586984475,21.7687076199808,-118.894598374123,2069.75613222558,1275027557632,Bull,False
2024-11-04 00:00:00,67811.5078125,69433.1796875,66803.6484375,68742.1328125,41184819348,63471.2333203125,51.3072362249179,20.3976878817574,-269.034017382429,2109.74006920947,1233842738284,Bull,False
2024-11-05 00:00:00,69359.5625,70522.7890625,67458.8671875,67811.171875,46046889204,63498.81328125,56.4161409097197,19.6544179752475,-264.868501179205,2177.89591248022,1279889627488,Bull,False
2024-11-06 00:00:00,75639.078125,76460.15625,69322.03125,69358.5,118592653963,63552.0364648438,70.1140649376422,20.9496154200076,138.348468156059,2532.1979901602,1398482281451,Bull,False
2024-11-07 00:00:00,75904.859375,76943.1171875,74480.421875,75637.0859375,63467654989,63606.9275390625,70.5361514000168,22.2693434659718,386.448054809712,2527.23351318447,1461949936440,Bull,False
2024-11-08 00:00:00,76545.4765625,77252.75,75648.7421875,75902.8359375,55176858003,63655.4665234375,71.5781007325902,23.5720826002844,547.357641382939,2461.28882027844,1517126794443,Bull,False
2024-11-09 00:00:00,76778.8671875,76932.765625,75773.7890625,76556.1875,29009480361,63707.3244921875,71.9670521863541,24.7817689392889,617.947291991065,2368.26651615141,1546136274804,Bull,False
2024-11-10 00:00:00,80474.1875,81474.421875,76565.4296875,76775.546875,82570594495,63788.3109375,77.2707698310102,26.8952915442586,847.749568476402,2549.74692124774,1628706869299,Bull,False
2024-11-11 00:00:00,88701.484375,89604.5,80283.25,80471.4140625,117966845037,63909.4098242188,84.3638089818272,29.8681406401461,1452.5845832833,3033.42571258718,1746673714336,Bull,False
2024-11-12 00:00:00,87955.8125,89956.8828125,85155.109375,88705.5625,133673285375,64030.4122851563,81.8700862966182,32.6607189181681,1684.83176473315,3159.73626436667,1613000428961,Bull,False
2024-11-13 00:00:00,90584.1640625,93434.3515625,86256.9296875,87929.96875,123559027869,64166.2374023438,83.6991264147833,35.545620663935,1882.85555048779,3446.71380798334,1736559456830,Bull,False
2024-11-14 00:00:00,87250.4296875,91765.21875,86682.8125,90574.8828125,87616705248,64286.9233984375,73.5620331939992,38.22445799929,1664.2702360965,3563.5489824131,1648942751582,Bull,False
2024-11-15 00:00:00,91066.0078125,91868.7421875,87124.8984375,87284.1796875,78243109518,64423.0478320313,76.9960950940098,40.7206586030579,1648.48022530583,3647.85575152645,1727185861100,Bull,False
2024-11-16 00:00:00,90558.4765625,91763.9453125,90094.2265625,91064.3671875,44333192814,64572.6559375,75.5896285735297,43.0385591636994,1480.97815984406,3506.56025141742,1682852668286,Bull,False
2024-11-17 00:00:00,89845.8515625,91433.0390625,88741.6640625,90558.4609375,46350159305,64730.6151367188,73.5578668507783,44.3973755854665,1210.70259993493,3448.33273345903,1636502508981,Bull,False
2024-11-18 00:00:00,90542.640625,92596.7890625,89393.59375,89843.71875,75535775084,64887.711171875,74.2856647845316,45.8111765920293,977.364972914584,3430.82291767624,1712038284065,Bull,False
2024-11-19 00:00:00,92343.7890625,94002.8671875,90426.984375,90536.8125,74521048295,65034.9809375,76.1157010378141,47.2980207041954,847.661293456552,3441.18433873508,1786559332360,Bull,False
2024-11-20 00:00:00,94339.4921875,94902.0234375,91619.5,92341.890625,71730956426,65187.2210351563,77.9852199305703,48.7853564223316,800.196679898726,3429.85141721829,1858290288786,Bull,False
2024-11-21 00:00:00,98504.7265625,99014.21875,94132.6015625,94334.640625,106024505582,65359.5890039063,81.2788709837307,50.5777565213335,943.396698943722,3533.54897223841,1964314794368,Bull,False
2024-11-22 00:00:00,98997.6640625,99655.5,97222.6640625,98496.4296875,78473580551,65538.767578125,81.6291622377626,52.2970599457192,962.087234977438,3454.92661261424,2042788374919,Bull,False
2024-11-23 00:00:00,97777.28125,99014.6796875,97232.890625,99006.7421875,44414644677,65715.9799023438,77.7504370994494,53.8935559826488,790.224959291816,3335.41678760608,1998373730242,Bull,False
2024-11-24 00:00:00,98013.8203125,98647.1796875,95788.078125,97778.09375,51712020623,65900.109296875,77.9689466380332,54.4848832196129,599.113445221382,3301.39427152707,2050085750865,Bull,False
2024-11-25 00:00:00,93102.296875,98935.03125,92642.9140625,98033.4453125,80909462490,66050.3709765625,63.9295459437168,53.37236695464689,76.0524401482608,3515.01733695371,1969176288375,Bull,False
2024-11-26 00:00:00,91985.3203125,94991.75,90770.8125,93087.28125,91656519855,66206.3336914063,61.2293274081149,51.5038048284694,-385.662574837574,3565.44020574273,1877519768520,Bull,False
2024-11-27 00:00:00,95962.53125,97361.1796875,91778.6640625,91978.140625,71133452438,66382.1777929688,66.633478423305,50.304000806459,-458.745099353866,3709.5170214039695,1948653220958,Bull,False
2024-11-28 00:00:00,95652.46875,96650.203125,94677.3515625,95954.9453125,52260008261,66553.1981640625,65.8627185498741,49.1898970717351,-556.967403260794,3585.46948862511,1896393212697,Bull,False
2024-11-29 00:00:00,97461.5234375,98693.171875,95407.8828125,95653.953125,54968682476,66725.9985351563,68.1757022661064,48.5907145445592,-529.291308738797,3564.02802961617,1951361895173,Bull,False
2024-11-30 00:00:00,96449.0546875,97499.34375,96144.21875,97468.8125,31634227866,66900.4798632813,65.5008180878288,48.0343307693245,-603.012035977058,3406.24924178645,1919727667307,Bull,False
2024-12-01 00:00:00,97279.7890625,97888.125,95770.1875,96461.3359375,36590695296,67055.5413476563,66.6567918651914,47.603043867275105,-617.418460586498,3314.22697451599,1956318362603,Bull,False
2024-12-02 00:00:00,95865.3046875,98152.6015625,94482.8671875,97276.0078125,72680784305,67208.7099609375,62.7983825271068,46.5215204396936,-735.770014655727,3339.62036026485,1883637578298,Bull,False
2024-12-03 00:00:00,96002.1640625,96297.203125,93629.5625,95854.59375,67067810961,67353.46140625,63.0214186563913,45.0844791627249,-812.388075490059,3291.62180774593,1950705389259,Bull,False
2024-12-04 00:00:00,98768.53125,99207.328125,94660.5234375,95988.53125,77199817112,67512.6000390625,67.2902637419944,44.5061839195387,-689.171303585299,3381.27772772836,2027905206371,Bull,False
2024-12-05 00:00:00,96593.5703125,103900.46875,91998.78125,98741.5390625,149218945580,67664.1760546875,61.298730798916,44.868771064487696,-760.93441304116,3989.87842574776,1878686260791,Bull,False
2024-12-06 00:00:00,99920.7109375,102039.8828125,96514.875,97074.2265625,94534772658,67806.5386328125,66.2494764466362,45.2054591276546,-598.279602710459,4099.5305248015,1973221033449,Bull,False
2024-12-07 00:00:00,99923.3359375,100563.3828125,99030.8828125,99916.7109375,44177510897,67955.47265625,66.2531443809859,45.5180980434525,-508.022035897916,3916.17120160139,2017398544346,Bull,False
2024-12-08 00:00:00,101236.015625,101399.9921875,98771.515625,99921.9140625,44125751925,68116.0410546875,68.1190368572633,45.961833303941,-383.110594939024,3824.1930130941505,2061524296271,Bull,False
2024-12-09 00:00:00,97432.71875,101272.5078125,94355.9140625,101237.0625,110676473908,68263.5568359375,58.0962686857451,44.2610231222549,-568.643326987226,4045.07878001599,1950847822363,Bull,False
2024-12-10 00:00:00,96675.4296875,98270.15625,94321.2578125,97441.234375,104823780634,68404.3034765625,56.3193682173725,42.6673460526246,-743.345364249909,4038.20875555056,1846024041729,Bull,False
2024-12-11 00:00:00,101173.03125,101913.359375,95747.2265625,96656.0625,85391409936,68563.83890625,63.4662017442422,42.0627829975423,-565.051684618451,4190.20333104695,1931415451665,Bull,False
2024-12-12 00:00:00,100043.0,102524.9140625,99339.953125,101167.8046875,72073983533,68721.4634375,60.7756074253199,41.6311080674019,-532.708089433742,4118.40030293646,1859341468132,Bull,False
2024-12-13 00:00:00,101459.2578125,101888.8046875,99233.28125,100046.6484375,56894751583,68881.786953125,62.8985264080686,41.1801589354396,-429.826315497305,4013.90909826242,1916236219715,Bull,False
2024-12-14 00:00:00,101372.96875,102618.8828125,100634.0546875,101451.4375,40422968793,69047.170703125,62.6759514785107,40.9306176599085,-383.03518048579105,3868.97474302939,1875813250922,Bull,False
2024-12-15 00:00:00,104298.6953125,105047.5390625,101227.03125,101373.53125,51145914137,69230.7737109375,66.9467807061454,41.2151197265455,-180.760624685976,3865.51281942015,1926959165059,Bull,False
2024-12-16 00:00:00,106029.71875,107780.578125,103322.984375,104293.578125,91020417816,69419.09734375,69.1928776216552,41.964191988623,32.5331882262631,3907.80431446157,2017979582875,Bull,False
2024-12-17 00:00:00,106140.6015625,108268.4453125,105291.734375,106030.6875,68589364868,69612.34328125,69.3366186472008,42.7395954351272,138.084704433551,3841.2976446786,2086568947743,Bull,False
2024-12-18 00:00:00,100041.5390625,106470.609375,100041.5390625,106147.296875,93865656139,69774.0162890625,54.3226883917844,41.1511489001642,-226.04667376613,4026.1385495229906,1992703291604,Bull,False
2024-12-19 00:00:00,97490.953125,102748.1484375,95587.6796875,100070.6875,97221662392,69922.713046875,49.4958568401276,38.2824730415857,-638.507131942009,4250.01927812849,1895481629212,Bull,False
2024-12-20 00:00:00,97755.9296875,98098.9140625,92175.1796875,97484.6953125,105634083408,70067.4687890625,49.9929800577991,36.3274976121214,-878.499554387911,4369.57035647645,2001115712620,Bull,False
2024-12-21 00:00:00,97224.7265625,99507.1015625,96426.5234375,97756.1953125,51765334294,70200.75359375,48.9526970453066,34.1178726095463,-1046.61960339475,4277.49948279956,1949350378326,Bull,False
2024-12-22 00:00:00,95104.9375,97360.265625,94202.1875,97218.3203125,43147981314,70320.8641796875,44.9344331299647,32.5935378557474,-1259.87269587442,4197.54081438531,1906202397012,Bull,False
2024-12-23 00:00:00,94686.2421875,96416.2109375,92403.1328125,95099.390625,65239002919,70440.5095703125,44.163327705373504,31.574689053715,-1378.80389235893,4184.36490800064,1840963394093,Bull,False
2024-12-24 00:00:00,98676.09375,99404.0625,93448.015625,94684.34375,47114953674,70587.177109375,52.5241757073344,29.7646585747746,-1147.89564654105,4310.91361992917,1888078347767,Bull,False
2024-12-25 00:00:00,99299.1953125,99478.75,97593.46875,98675.9140625,33700394629,70737.14421875,53.6904171090584,28.0630929959452,-922.06124089208,4137.65416493423,1921778742396,Bull,False
2024-12-26 00:00:00,95795.515625,99884.5703125,95137.8828125,99297.6953125,47054980873,70867.8818359375,46.737993254681,27.0780333312575,-972.505607061886,4181.15654601036,1874723761523,Bull,False
2024-12-27 00:00:00,94164.859375,97294.84375,93310.7421875,95704.9765625,52419934565,70991.1447265625,43.8894531383586,26.5690753353539,-1071.72326091534,4167.08119004533,1822303826958,Bull,False
2024-12-28 00:00:00,95163.9296875,95525.8984375,94014.2890625,94160.1875,24107436185,71130.30421875,46.0586185038244,26.0964714820149,-1026.04423343193,3977.4046318278097,1846411263143,Bull,False
2024-12-29 00:00:00,93530.2265625,95174.875,92881.7890625,95174.0546875,29635885267,71256.7494140625,43.1228779859327,25.9175817782993,-1057.62023109053,3857.0961536615296,1816775377876,Bull,False
2024-12-30 00:00:00,92643.2109375,94903.3203125,91317.1328125,93527.1953125,56188003691,71386.1834765625,41.5734698000333,26.0972742962775,-1085.90053356236,3837.74553554285,1760587374185,Bull,False
2024-12-31 00:00:00,93429.203125,96090.6015625,91914.03125,92643.25,43625106843,71523.2740234375,43.5103322152512,25.8125202405609,-1001.39022083927,3861.94730532551,1804212481028,Bull,False
2025-01-01 00:00:00,94419.7578125,94929.8671875,92788.125,93425.1015625,24519888919,71664.4178125,45.9424786336726,25.5481057602526,-835.27803414054,3739.0755111951103,1828732369947,Bull,False
2025-01-02 00:00:00,96886.875,97739.8203125,94201.5703125,94416.2890625,46009564411,71815.656953125,51.538894944577294,24.2643018029758,-530.592712209055,3724.73083182403,1874741934358,Bull,False
2025-01-03 00:00:00,98107.4296875,98956.9140625,96034.6171875,96881.7265625,35611391163,71973.7426171875,54.072167855544706,22.6679848644671,-233.367920199413,3667.41412062232,1910353325521,Bull,False
2025-01-04 00:00:00,98236.2265625,98734.4296875,97562.9765625,98106.9921875,22342608078,72139.2200195313,54.3433899682462,21.1856905644233,-25.5417989009555,3489.13119236358,1932695933599,Bull,False
2025-01-05 00:00:00,98314.9609375,98813.3046875,97291.765625,98233.90625,20525254825,72305.9933398438,54.5202018387088,19.903243868272,112.219721972351,3348.58889737332,1953221188424,Bull,False
2025-01-06 00:00:00,102078.0859375,102482.875,97926.1484375,98314.953125,51823432705,72492.2404882813,62.0790541651575,19.4562620498573,433.71785294485,3434.88444488237,2005044621129,Bull,False
2025-01-07 00:00:00,96922.703125,102712.484375,96132.875,102248.8515625,58685738547,72656.3730078125,49.8543728192145,18.3981109241165,283.378204229538,3659.50765417649,1946358882582,Bull,False
2025-01-08 00:00:00,95043.5234375,97258.3203125,92525.84375,96924.1640625,63875859171,72810.327734375,46.2771106857381,17.8471812518293,53.61458241353031,3736.14829048531,1882483023411,Bull,False
2025-01-09 00:00:00,92484.0390625,95349.71875,91220.84375,95043.484375,62777261693,72956.8439453125,41.8703179604352,17.6800290395551,-257.423512640852,3764.20019830779,1819705761718,Bull,False
2025-01-10 00:00:00,94701.453125,95770.609375,92250.09375,92494.4921875,62058693684,73128.964140625,46.6134703383533,17.3729523205868,-297.660523231787,3746.7941573572302,1881764455402,Bull,False
2025-01-11 00:00:00,94566.59375,94977.6875,93840.046875,94700.8359375,18860894100,73292.77390625,46.3656797599754,17.0878096529734,-315.493536684771,3560.42604790314,1862903561302,Bull,False
2025-01-12 00:00:00,94488.4375,95367.5390625,93712.5078125,94565.7265625,20885130965,73461.1597070313,46.2123597805406,16.6660044838706,-314.011588179838,3424.32641948149,1842018430337,Bull,False
2025-01-13 00:00:00,94516.5234375,95837.0,89260.1015625,94488.890625,72978998252,73625.7183203125,46.2811044599652,17.495936454126,-293.005257769497,3649.51013505424,1914997428589,Bull,False
2025-01-14 00:00:00,96534.046875,97352.6640625,94322.15625,94519.0078125,53769675818,73806.7878710938,51.1144865421889,17.6623905788437,-133.233537769849,3605.2956834432302,1968767104407,Bull,False
2025-01-15 00:00:00,100504.4921875,100697.234375,96501.640625,96534.046875,57805923627,74004.8734375,58.9435643485452,16.6574886970193,230.072720383293,3647.45983105442,2026573028034,Bull,False
2025-01-16 00:00:00,99756.90625,100781.5859375,97364.4453125,100505.296875,54103781805,74190.2665039063,57.0896304389427,15.6972397459014,400.287255081859,3631.00845919339,1972469246229,Bull,False
2025-01-17 00:00:00,104462.0390625,105884.2265625,99948.90625,100025.765625,71888972663,74398.316796875,64.6299388715343,15.767675133955,787.620147607989,3809.3164487152894,2044358218892,Bull,False
2025-01-18 00:00:00,104408.0703125,104913.203125,102226.6171875,104124.953125,50445655726,74610.2120703125,64.4899562591553,15.8330794228619,985.22410105006,3729.12141219992,1993912563166,Bull,False
2025-01-19 00:00:00,101089.609375,106299.796875,99570.53125,104411.2890625,76789928525,74814.7905078125,56.4007768321862,15.024967198679,842.973115396221,3943.41742739992,1917122634641,Bull,False
2025-01-20 00:00:00,102016.6640625,109114.8828125,99471.359375,101083.75,126279678351,75039.9853125,57.9862438942067,14.999776949711,764.182252370905,4350.56785669278,2043402312992,Bull,False
2025-01-21 00:00:00,106146.265625,107180.921875,100103.953125,102052.578125,88733878242,75287.404765625,64.226805529896,14.9763860042407,931.934645915502,4545.3107776433,2132136191234,Bull,False
2025-01-22 00:00:00,103653.0703125,106294.34375,103360.265625,106136.3828125,53878181052,75514.152421875,58.5703684977992,14.9546658405897,820.646226603791,4430.22273102592,2078258010182,Bull,False
2025-01-23 00:00:00,103960.171875,106820.328125,101257.8046875,103657.671875,104104515428,75754.707734375,59.0487824768661,14.1953691368154,717.132340356642,4511.10135291693,2182362525610,Bull,False
2025-01-24 00:00:00,104819.484375,107098.546875,102772.125,103965.671875,52388229265,75995.2796679688,60.4258589989247,13.5770751202528,657.524072083464,4497.90996163715,2234750754875,Bull,False
2025-01-25 00:00:00,104714.6484375,105243.7890625,104120.375,104824.03125,23888996502,76228.8067773438,60.1600661463966,13.002944962016,565.531427265664,4256.87454027021,2210861758373,Bull,False
2025-01-26 00:00:00,102682.5,105438.6484375,102507.7109375,104713.2109375,22543395879,76453.506796875,55.1005783762206,12.271325913602,333.777747356737,4162.16475167948,2188318362494,Bull,False
2025-01-27 00:00:00,102087.6875,103214.109375,97795.9375,102680.3046875,89006608428,76677.2206640625,53.677592413098495,12.9696878816101,117.540143779418,4251.87954620237,2099311754066,Bull,False
2025-01-28 00:00:00,101332.4765625,103730.8203125,100238.1875,102095.4140625,47180685494,76894.3857226563,51.8467992708768,13.4186214606393,-88.1409025792407,4197.6476366522,2052131068572,Bull,False
2025-01-29 00:00:00,103703.2109375,104750.8046875,101283.8203125,101317.5234375,47432049818,77116.7420117187,56.8250565276382,13.4402297123742,-76.7317450542257,4145.45740367705,2099563118390,Bull,False
2025-01-30 00:00:00,104735.3046875,106418.765625,103321.6484375,103709.3359375,41915744521,77336.4795703125,58.8210029315138,12.8466591751768,-15.1067705719797,4070.5759596644,2141478862911,Bull,False
2025-01-31 00:00:00,102405.0234375,106026.3515625,101543.8828125,104737.5625,45732764360,77524.1539257813,52.8772612485178,12.8361867033182,-139.782463848768,4099.9968732598,2095746098551,Bull,False
2025-02-01 00:00:00,100655.90625,102755.7265625,100297.7109375,102402.796875,27757944848,77701.9477148437,48.8843250182372,13.1807278404867,-337.284975301104,3982.7124983841,2067988153703,Bull,False
2025-02-02 00:00:00,97688.9765625,101430.6640625,96216.078125,100661.5390625,63091816853,77869.7986328125,42.9585391273481,14.4825064903041,-647.029725521693,4070.70345832095,2004896336850,Bull,False
2025-02-03 00:00:00,101405.421875,102514.171875,91242.890625,97681.1015625,115400897748,78056.9554101563,50.9752607127321,16.5717091754522,-582.896314330707,4585.03044344088,2120297234598,Bull,False
2025-02-04 00:00:00,97871.8203125,101745.6171875,96208.109375,101398.71875,73002130211,78212.7637304688,44.5624330179258,18.5116830973754,-749.137809703559,4653.06454123082,2047295104387,Bull,False
2025-02-05 00:00:00,96615.4453125,99113.2109375,96174.828125,97878.0078125,49125911241,78360.0227148438,42.5145097428417,20.3186849142392,-904.024463712933,4530.5872748929,1998169193146,Bull,False
2025-02-06 00:00:00,96593.296875,99168.609375,95707.3515625,96610.640625,45302471947,78502.2165820313,42.4774492058595,22.0794239872652,-962.848798335667,4454.2065990077,1952866721199,Bull,False
2025-02-07 00:00:00,96529.0859375,100154.140625,95653.8828125,96581.3203125,55741290456,78646.9357617188,42.3621561396106,23.2510509802649,-958.869266688363,4457.4959714,1897125430743,Bull,False
2025-02-08 00:00:00,96482.453125,96877.8046875,95702.4921875,96533.2578125,22447526395,78799.7096679688,42.2724196349509,24.3389903309075,-912.426850110995,4223.05429487143,1874677904348,Bull,False
2025-02-09 00:00:00,96500.09375,97325.28125,94745.2578125,96481.3125,27732901800,78955.3494726563,42.3221941303164,25.5600779093122,-835.622722138538,4105.69494791633,1902410806148,Bull,False
2025-02-10 00:00:00,97437.5546875,98333.21875,95320.84375,96499.4609375,40078962391,79113.6511132812,45.0344936084208,26.17259103584,-683.209324280222,4027.6006659223103,1942489768539,Bull,False
2025-02-11 00:00:00,95747.4296875,98492.8984375,94875.0390625,97438.1328125,37488783272,79252.8279492187,41.266764600582306,26.8542237312435,-657.524486781668,3998.3334308564304,1905000985267,Bull,False
2025-02-12 00:00:00,97885.859375,98151.0234375,94101.203125,95745.6953125,49340445530,79403.1905664063,47.2770477017254,27.6842607829092,-466.789050136951,4002.01106525954,1954341430797,Bull,False
2025-02-13 00:00:00,96623.8671875,98111.0859375,95269.7109375,97888.75,37147280860,79545.0305664063,44.390071380398,28.4550094737417,-398.544835663165,3919.1084891695696,1917194149937,Bull,False
2025-02-14 00:00:00,97508.96875,98819.46875,96342.8046875,96623.3671875,32697987277,79698.4758398438,46.8418640451777,28.7396134636908,-272.722349267427,3816.07674440746,1949892137214,Bull,False
2025-02-15 00:00:00,97580.3515625,97975.0390625,97240.1953125,97508.3828125,17047266288,79855.3725195312,47.0446447000402,29.0038885972149,-168.714780385748,3595.98867337836,1966939403502,Bull,False
2025-02-16 00:00:00,96175.03125,97725.59375,96060.9765625,97580.4921875,16536755396,80013.1514257813,43.5245269656775,29.6238289218889,-177.687836279589,3458.03356724419,1950402648106,Bull,False
2025-02-17 00:00:00,95773.3828125,97032.234375,95243.546875,96179.0078125,27336550690,80165.2308398438,42.5447032726546,30.4432651727526,-192.547595743642,3338.79456244103,1923066097416,Bull,False
2025-02-18 00:00:00,95539.546875,96695.375,93388.8359375,95773.8125,37325720482,80335.8532421875,41.9525661798808,31.7007606697445,-199.169797186937,3336.49059815953,1885740376934,Bull,False
2025-02-19 00:00:00,96635.609375,96855.59375,95011.96875,95532.53125,28990872862,80515.6308203125,45.7630553344942,32.7535838890715,-114.956750456809,3229.85734114813,1914731249796,Bull,False
2025-02-20 00:00:00,98333.9375,98767.1953125,96442.671875,96632.6796875,31668022771,80716.715625,51.11758494851689,32.4502669192904,60.4726778650094,3165.1906337447,1946399272567,Bull,False
2025-02-21 00:00:00,96125.546875,99497.96875,94852.9609375,98340.671875,49608706470,80927.3860742188,44.9089266297242,32.6733239898665,34.4229732146387,3270.89186079865,1896790566097,Bull,False
2025-02-22 00:00:00,96577.7578125,96950.15625,95765.34375,96134.203125,18353824477,81130.10328125,46.3460014392668,32.8804484125443,53.1705390289812,3121.88619217017,1915144390574,Bull,False
2025-02-23 00:00:00,96273.921875,96671.875,95270.453125,96577.8046875,16999478976,81336.3355859375,45.4874380188711,33.2313328512567,50.643056011487,2998.99588380087,1898144911598,Bull,False
2025-02-24 00:00:00,91418.171875,96503.453125,91371.7421875,96277.9609375,44046480529,81484.8757617188,34.4906980447986,34.5621942465806,-255.694667747566,3151.33267335081,1854098431069,Bull,False
2025-02-25 00:00:00,88736.171875,92511.078125,86008.234375,91437.1171875,92139104128,81624.1560546875,30.1544769581216,36.6610023072008,-597.089608349303,3390.7263216829,1761959326941,Bull,False
2025-02-26 00:00:00,84347.0234375,89286.25,82131.8984375,88638.890625,64597492134,81741.162109375,24.6849696279407,39.0307762751739,-1050.14658345712,3659.55669602698,1697361834807,Bull,False
2025-02-27 00:00:00,84704.2265625,87000.78125,83144.9609375,84076.859375,52659591954,81871.0858203125,25.8635196951644,41.231280674006,-1244.14659840138,3673.57552577505,1750021426761,Bull,False
2025-02-28 00:00:00,84373.0078125,85036.3203125,78248.9140625,84705.625,83610570576,81996.17828125,25.4655916939818,43.690751257267,-1306.70274214997,3895.99200607683,1666410856185,Bull,False
2025-03-01 00:00:00,86031.9140625,86522.3046875,83794.234375,84373.8671875,29190628396,82123.2900195313,31.1769863711479,45.2294187885041,-1153.60974942637,3812.5690279642,1695601484581,Bull,False
2025-03-02 00:00:00,94248.3515625,95043.4375,85040.2109375,86036.2578125,58398341092,82300.8454296875,51.1451930079362,43.4913286498464,-452.261808676254,4254.75885185962,1753999825673,Bull,False
2025-03-03 00:00:00,86065.671875,94429.75,85081.3046875,94248.421875,70072228536,82443.3733007813,39.0072010874651,41.8773878068072,-489.56665737633693,4618.59359904821,1683927597137,Bull,False
2025-03-04 00:00:00,87222.1953125,88911.2734375,81529.2421875,86064.0703125,68095241474,82585.01375,41.1336393575712,41.0275302445764,-390.767235811654,4815.98200268763,1752022838611,Bull,False
2025-03-05 00:00:00,90623.5625,90998.2421875,86379.7734375,87222.953125,50498988027,82740.7366992188,46.9874257782048,39.6095238535791,-67.688202024437,4801.87391320994,1802521826638,Bull,False
2025-03-06 00:00:00,89961.7265625,92804.9375,87852.140625,90622.359375,47749810486,82898.1255078125,46.028298769874496,37.77870155455631,119.878754922015,4812.65412476637,1754772016152,Bull,False
2025-03-07 00:00:00,86742.671875,91191.046875,84717.6796875,89963.28125,65945677657,83034.3716015625,41.5823339443184,36.6924178769871,49.2078431598616,4931.2764863902,1688826338495,Bull,False
2025-03-08 00:00:00,86154.59375,86847.265625,85247.484375,86742.65625,18206118081,83170.0806054688,40.806862767941,35.6837258906729,-11.8262526877588,4693.31254093376,1670620220414,Bull,False
2025-03-09 00:00:00,80601.0390625,86471.1328125,80052.484375,86154.3046875,30899345977,83267.20984375,34.3012594830345,35.6379487711832,-380.478830395924,4816.55081925992,1639720874437,Bear,False
2025-03-10 00:00:00,78532.0,83955.9296875,77420.59375,80597.1484375,54061099422,83357.9602734375,32.2391118309518,35.9702581594074,-699.374500739938,4939.3211848485,1585659775015,Bear,False
2025-03-11 00:00:00,82862.2109375,83577.7578125,76624.25,78523.875,54702837196,83451.7995507812,40.3249907235909,36.3882193190745,-560.38726636873,5083.19165825217,1640362612211,Bear,False
2025-03-12 00:00:00,83722.359375,84358.578125,80635.25,82857.375,40353484454,83549.5163867188,41.8103880537428,36.5092113497507,-361.867884595769,4986.05854873416,1680716096665,Bear,False
2025-03-13 00:00:00,81066.703125,84301.6953125,79931.8515625,83724.921875,31412940153,83633.1821875,38.6145534270829,36.7318765365891,-359.987291679118,4942.04320596744,1649303156512,Bear,False
2025-03-14 00:00:00,83969.1015625,85263.2890625,80797.5625,81066.9921875,29588112414,83738.6243945313,43.6812292992002,36.5853719178116,-125.932116496688,4908.0205885769,1678891268926,Bear,False
2025-03-15 00:00:00,84343.109375,84672.671875,83639.59375,83968.40625,13650491277,83862.8192773438,44.3190123281663,36.449331914661,80.3070717008741,4631.2389840357,1692541760203,Bear,False
2025-03-16 00:00:00,82883.859375,84408.8828125,82408.6484375,84354.53125,13652920320,83982.1004492188,42.3059600288106,36.5561036417366,141.123072272045,4443.31008339029,1678888839883,Bear,False
2025-03-17 00:00:00,83619.1953125,84408.8828125,82408.6484375,84354.53125,13652920320,83982.1004492188,42.3059600288106,36.5561036417366,141.123072272045,4443.31008339029,1678888839883,Bull,False
2025-03-18 07:27:44.736038,50000,50500,49500,49800,15000,49600,55,22,0.002,150,2500000,Ranging,False
