timestamp,close,high,low,open,volume,200_MA,RSI,ADX,MACD_Histogram,ATR,OBV,Market_State,Questionable
2024-08-31 00:00:00+00:00,58969.8984375,59432.59375,58768.78515625,59117.48046875,12403470760.0,58969.8984375,63.202832903392725,17.318938696062514,-572.0503167359147,2242.3936941964284,12403470760.0,,False
2024-09-01 00:00:00+00:00,57325.48828125,59062.0703125,57217.82421875,58969.80078125,24592449997.0,58147.693359375,63.202832903392725,17.318938696062514,-572.0503167359147,2242.3936941964284,-12188979237.0,,False
2024-09-02 00:00:00+00:00,59112.48046875,59403.0703125,57136.02734375,57326.96875,27036454524.0,58469.2890625,63.202832903392725,17.318938696062514,-572.0503167359147,2242.3936941964284,14847475287.0,,False
2024-09-03 00:00:00+00:00,57431.0234375,59815.05859375,57425.16796875,59106.19140625,26666961053.0,58209.72265625,63.202832903392725,17.318938696062514,-572.0503167359147,2242.3936941964284,-11819485766.0,,False
2024-09-04 00:00:00+00:00,57971.5390625,58511.5703125,55673.1640625,57430.34765625,35627680312.0,58162.0859375,63.202832903392725,17.318938696062514,-572.0503167359147,2242.3936941964284,23808194546.0,,False
2024-09-05 00:00:00+00:00,56160.48828125,58300.58203125,55712.453125,57971.703125,31030280656.0,57828.486328125,63.202832903392725,17.318938696062514,-572.0503167359147,2242.3936941964284,-7222086110.0,,False
2024-09-06 00:00:00+00:00,53948.75390625,56976.109375,52598.69921875,56160.19140625,49361693566.0,57274.23883928572,63.202832903392725,17.318938696062514,-572.0503167359147,2242.3936941964284,-56583779676.0,,False
2024-09-07 00:00:00+00:00,54139.6875,54838.14453125,53740.0703125,53949.0859375,19061486526.0,56882.419921875,63.202832903392725,17.318938696062514,-572.0503167359147,2242.3936941964284,-37522293150.0,,False
2024-09-08 00:00:00+00:00,54841.56640625,55300.859375,53653.7578125,54147.93359375,18268287531.0,56655.65842013889,63.202832903392725,17.318938696062514,-572.0503167359147,2242.3936941964284,-19254005619.0,,False
2024-09-09 00:00:00+00:00,57019.53515625,58041.125,54598.43359375,54851.88671875,34618096173.0,56692.04609375,63.202832903392725,17.318938696062514,-572.0503167359147,2242.3936941964284,15364090554.0,,False
2024-09-10 00:00:00+00:00,57648.7109375,58029.9765625,56419.4140625,57020.09765625,28857630507.0,56779.015625,63.202832903392725,17.318938696062514,-572.0503167359147,2242.3936941964284,44221721061.0,,False
2024-09-11 00:00:00+00:00,57343.171875,57991.3203125,55567.33984375,57650.2890625,37049062672.0,56826.028645833336,63.202832903392725,17.318938696062514,-572.0503167359147,2242.3936941964284,7172658389.0,,False
2024-09-12 00:00:00+00:00,58127.01171875,58534.359375,57330.1015625,57343.171875,33835707949.0,56926.10426682692,63.202832903392725,17.318938696062514,-572.0503167359147,2242.3936941964284,41008366338.0,,False
2024-09-13 00:00:00+00:00,60571.30078125,60648.0234375,57650.11328125,58130.32421875,32490528356.0,57186.47544642857,63.202832903392725,17.318938696062514,-572.0503167359147,2242.3936941964284,73498894694.0,,False
2024-09-14 00:00:00+00:00,60005.12109375,60656.72265625,59517.8828125,60569.1171875,16428405496.0,57374.38515625,59.89162448201091,17.318938696062514,-572.0503167359147,2163.5684191645405,57070489198.0,,False
2024-09-15 00:00:00+00:00,59182.8359375,60381.91796875,58696.30859375,60000.7265625,18120960867.0,57487.413330078125,55.35570623438648,17.318938696062514,-572.0503167359147,2129.428487438502,38949528331.0,,False
2024-09-16 00:00:00+00:00,58192.5078125,59205.51171875,57501.33984375,59185.2265625,32032822113.0,57528.889476102944,50.40451281018666,17.318938696062514,-572.0503167359147,2099.053015121466,6916706218.0,,False
2024-09-17 00:00:00+00:00,60308.5390625,61316.08984375,57628.0703125,58192.5078125,38075570118.0,57683.314453125,58.869707364963915,17.318938696062514,-572.0503167359147,2212.5506234163613,44992276336.0,,False
2024-09-18 00:00:00+00:00,61649.6796875,61664.06640625,59218.25390625,60309.0,40990702891.0,57892.07051809211,63.16145499624462,17.318938696062514,-572.0503167359147,2229.2121860294783,85982979227.0,,False
2024-09-19 00:00:00+00:00,62940.45703125,63872.44140625,61609.8671875,61651.15625,42710252573.0,58144.48984375,66.75677256290903,17.318938696062514,-572.0503167359147,2231.5951883666585,128693231800.0,,False
2024-09-20 00:00:00+00:00,63192.9765625,64119.53125,62364.60546875,62941.42578125,35177164222.0,58384.89397321428,67.42654449602111,17.318938696062514,-572.0503167359147,2197.5473735726114,163870396022.0,,False
2024-09-21 00:00:00+00:00,63394.83984375,63543.359375,62783.10546875,63184.33984375,14408616220.0,58612.61878551136,67.98189406353436,17.318938696062514,-572.0503167359147,2094.883554478139,178279012242.0,,False
2024-09-22 00:00:00+00:00,63648.7109375,63993.421875,62440.7265625,63396.8046875,20183348802.0,58831.579313858696,68.70453835600196,17.318938696062514,-572.0503167359147,2056.155822908272,198462361044.0,,False
2024-09-23 00:00:00+00:00,63329.80078125,64733.55859375,62628.078125,63643.1015625,31400285425.0,59019.005208333336,66.66893919041726,17.318938696062514,-572.0503167359147,2059.679011896967,167062075619.0,,False
2024-09-24 00:00:00+00:00,64301.96875,64695.21484375,62737.41796875,63326.83984375,29938335243.0,59230.32375,69.6235575307978,17.318938696062514,-572.0503167359147,2052.4017164043266,197000410862.0,,False
2024-09-25 00:00:00+00:00,63143.14453125,64804.50390625,62945.375,64302.58984375,25078377700.0,59380.816856971156,62.51035524817113,17.318938696062514,-572.0503167359147,2038.5965156790176,171922033162.0,,False
2024-09-26 00:00:00+00:00,65181.01953125,65790.796875,62669.26953125,63138.546875,36873129847.0,59595.63917824074,68.58816284673333,17.318938696062514,-572.0503167359147,2115.9487176840876,208795163009.0,,False
2024-09-27 00:00:00+00:00,65790.6640625,66480.6953125,64852.9921875,65180.6640625,32058813449.0,59816.89006696428,70.14736394894959,17.318938696062514,-572.0503167359147,2081.074032492367,240853976458.0,,False
2024-09-28 00:00:00+00:00,65887.6484375,66255.53125,65458.03515625,65792.1796875,15243637984.0,60026.2265625,70.39908739522555,18.614590893145298,-572.0503167359147,1989.3898940107697,256097614442.0,,False
2024-09-29 00:00:00+00:00,65635.3046875,66069.34375,65450.015625,65888.8984375,14788214575.0,60213.19583333333,68.7741315577694,19.809725245459305,-572.0503167359147,1891.528339081429,241309399867.0,,False
2024-09-30 00:00:00+00:00,63329.5,65635.0546875,62873.6171875,65634.65625,37112957475.0,60313.721774193546,56.04434840354762,18.775108535208638,-572.0503167359147,1953.682564861327,204196442392.0,,False
2024-10-01 00:00:00+00:00,60837.0078125,64110.98046875,60189.27734375,63335.60546875,50220923500.0,60330.074462890625,46.10910418879725,18.552920319968315,-572.0503167359147,2094.2554620140895,153975518892.0,,False
2024-10-02 00:00:00+00:00,60632.78515625,62357.6875,59996.94921875,60836.32421875,40762722398.0,60339.247514204544,45.39895857118241,18.437828333596904,-572.0503167359147,2113.2899491023686,113212796494.0,,False
2024-10-03 00:00:00+00:00,60759.40234375,61469.0390625,59878.8046875,60632.484375,36106447279.0,60351.605009191175,45.95472445936675,18.3898030840349,-572.0503167359147,2075.928836666485,149319243773.0,,False
2024-10-04 00:00:00+00:00,62067.4765625,62465.9921875,60459.94140625,60754.625,29585472513.0,60400.629910714284,51.45244579830765,17.649679437834084,-536.9738160400609,2070.937546993879,178904716286.0,,False
2024-10-05 00:00:00+00:00,62089.94921875,62371.0234375,61689.58203125,62067.609375,13305410749.0,60447.55544704861,51.543643197332244,16.9624217663619,-496.751365540958,1971.6878226550307,192210127035.0,,False
2024-10-06 00:00:00+00:00,62818.953125,62959.5703125,61833.1484375,62084.98828125,14776233667.0,60511.64727618243,54.527797124650945,15.910831250872333,-409.19069008469353,1911.3116835368144,206986360702.0,,False
2024-10-07 00:00:00+00:00,62236.66015625,64443.70703125,62152.55078125,62819.109375,34253562610.0,60557.04235197369,51.78453734050191,15.541934054602596,-379.3006823941063,1938.4434382841848,172732798092.0,,False
2024-10-08 00:00:00+00:00,62131.96875,63174.3046875,61843.5625,62221.64453125,28134475157.0,60597.4250801282,51.284970886124626,14.98034503441063,-355.7804966523512,1895.0362060853145,144598322935.0,,False
2024-10-09 00:00:00+00:00,60582.1015625,62508.8359375,60314.61328125,62131.7265625,27670982363.0,60597.0419921875,44.44868496969967,14.35076286775229,-428.9026053523852,1916.4066668113633,116927340572.0,,False
2024-10-10 00:00:00+00:00,60274.5,61236.72265625,58895.20703125,60581.9296875,30452813570.0,60589.17511432927,43.21737546826437,14.529624735896222,-478.5090043453911,1946.771592396266,86474527002.0,,False
2024-10-11 00:00:00+00:00,62445.08984375,63400.87109375,60046.125,60275.4609375,30327141594.0,60633.363560267855,53.09216063547853,13.603049023545665,-351.5327578099168,2047.3411996358186,116801668596.0,,False
2024-10-12 00:00:00+00:00,63193.0234375,63448.78515625,62443.26953125,62444.6171875,16744110886.0,60692.89053415698,55.93576016261268,12.768975116735607,-210.52361872100738,1972.9250871618315,133545779482.0,,False
2024-10-13 00:00:00+00:00,62851.375,63272.65234375,62035.63671875,63192.9453125,18177529690.0,60741.94699928977,54.31599582666915,11.96071261890509,-137.1656203799567,1920.3601255788435,115368249792.0,,False
2024-10-14 00:00:00+00:00,66046.125,66482.4921875,62442.15234375,62848.3984375,43706958056.0,60859.81762152778,64.63022374135687,12.592871112239692,115.94172087362449,2071.7872483053548,159075207848.0,,False
2024-10-15 00:00:00+00:00,67041.109375,67881.6796875,64809.1953125,66050.3671875,48863870879.0,60994.19352921196,67.12004324321359,13.708165975799705,327.7960051043872,2143.2656144978296,207939078727.0,,False
2024-10-16 00:00:00+00:00,67612.71875,68375.2890625,66758.7265625,67042.4609375,38195189534.0,61135.01321476064,68.49225349651087,14.919523983167533,474.9220039250407,2105.64396346227,246134268261.0,,False
2024-10-17 00:00:00+00:00,67399.8359375,67912.2109375,66647.390625,67617.078125,32790898511.0,61265.53035481771,67.36467296789236,15.967308715752813,522.6180774702962,2045.5851312506795,213343369750.0,,False
2024-10-18 00:00:00+00:00,68418.7890625,68969.75,67177.8203125,67419.109375,36857165014.0,61411.51522640306,69.91748340615199,17.331881237884794,582.9148325659924,2027.466885268488,250200534764.0,,False
2024-10-19 00:00:00+00:00,68362.734375,68668.0078125,68024.640625,68418.9765625,14443497908.0,61550.539609375,69.59496771479598,18.598984294150206,578.0155272094946,1928.6026211421674,235757036856.0,,False
2024-10-20 00:00:00+00:00,69001.703125,69359.0078125,68105.71875,68364.1796875,18975847518.0,61696.64085477941,71.22441952361943,20.033996480747245,575.5467816744015,1880.3659383820125,254732884374.0,,False
2024-10-21 00:00:00+00:00,67367.8515625,69462.734375,66829.8515625,69002.0,37498611780.0,61805.702599158656,62.065137416279306,20.378400732470254,428.3730095102824,1934.1171436761545,217234272594.0,Bull,False
2024-10-22 00:00:00+00:00,67361.40625,67801.578125,66581.3671875,67360.703125,31808472566.0,61910.52719634434,62.03124838902315,20.515455185661356,301.0969386049446,1883.1238432350005,185425800028.0,Bull,False
2024-10-23 00:00:00+00:00,66432.1953125,67402.7421875,65188.03515625,67362.375,32263980353.0,61994.26179108796,57.18353023009767,19.680802029379212,133.38937604917805,1906.8083566646435,153161819675.0,Bull,False
2024-10-24 00:00:00+00:00,68161.0546875,68798.9609375,66454.1015625,66653.703125,31414428647.0,62106.385298295456,62.980342973114645,19.597424011545225,118.45946160478684,1939.6624472600263,184576248322.0,Bull,False
2024-10-25 00:00:00+00:00,66642.4140625,68722.15625,65521.79296875,68165.296875,41469984306.0,62187.38581194197,55.83001172872428,18.91933296694322,-7.4475883353300105,2029.712506830739,143106264016.0,Bull,False
2024-10-26 00:00:00+00:00,67014.6953125,67317.921875,66360.59375,66628.734375,19588098156.0,62272.07545230263,57.115368402739,18.289676996955645,-75.62151012585991,1953.1136224142576,162694362172.0,Bull,False
2024-10-27 00:00:00+00:00,67929.296875,68221.3125,66847.2265625,67023.4765625,16721307878.0,62369.613752693964,60.18108007649954,18.17920838661311,-69.25366393361742,1911.7545020632392,179415670050.0,Bull,False
2024-10-28 00:00:00+00:00,69907.7578125,70212.265625,67535.1328125,67922.671875,38799856657.0,62497.37890625,65.86569345454342,18.963545347738613,51.55256834813645,1966.4243813801509,218215526707.0,Bull,False
2024-10-29 00:00:00+00:00,72720.4921875,73577.2109375,69729.9140625,69910.046875,58541874402.0,62667.76412760417,71.98830574123691,20.772154443971242,290.87758470690824,2100.7724166387115,276757401109.0,Bull,False
2024-10-30 00:00:00+00:00,72339.5390625,72905.296875,71411.734375,72715.3671875,40646637831.0,62826.31781506148,70.15295469107905,22.45157717618726,387.4654219436836,2057.4002797359467,236110763278.0,Bull,False
2024-10-31 00:00:00+00:00,70215.1875,72662.3125,69590.5,72335.046875,40627912076.0,62945.493132560485,60.838169128133146,22.793114462666075,277.38233909626,2129.8582954690933,195482851202.0,Bull,False
2024-11-01 00:00:00+00:00,69482.46875,71559.015625,68779.703125,70216.8984375,49989795365.0,63049.25465029762,57.97866515409207,22.622952989680737,131.71120905393855,2176.247881507015,145493055837.0,Bull,False
2024-11-02 00:00:00+00:00,69289.2734375,69867.3515625,69033.71875,69486.0234375,18184612091.0,63146.754943847656,57.21505993339162,22.464945907622926,5.501430700097217,2080.346805149371,127308443746.0,Bull,False
2024-11-03 00:00:00+00:00,68741.1171875,69361.65625,67482.5234375,69296.3828125,34868307655.0,63232.82205528846,55.00161566087846,21.40375659142455,-124.55954096253208,2065.974377102987,92440136091.0,Bull,False
2024-11-04 00:00:00+00:00,67811.5078125,69433.1796875,66803.6484375,68742.1328125,41184819348.0,63302.19608191288,51.37196193119685,20.051573238683172,-274.27590583475035,2106.2284394527737,51255316743.0,Bull,False
2024-11-05 00:00:00+00:00,69359.5625,70522.7890625,67458.8671875,67811.171875,46046889204.0,63392.60453591418,56.517965591616694,19.32679024871838,-269.7196486778844,2174.635113420433,97302205947.0,Bull,False
2024-11-06 00:00:00+00:00,75639.078125,76460.15625,69322.03125,69358.5,118592653963.0,63572.699735753675,70.26428126641866,20.642232990507978,133.85838179421876,2529.170105318973,215894859910.0,Bull,False
2024-11-07 00:00:00+00:00,75904.859375,76943.1171875,74480.421875,75637.0859375,63467654989.0,63751.426687047104,70.68668166520229,21.98090956571559,382.29173324419435,2524.4219058319036,279362514899.0,Bull,False
2024-11-08 00:00:00+00:00,76545.4765625,77252.75,75648.7421875,75902.8359375,55176858003.0,63934.198828125,71.72910556156069,23.301340389338293,543.50995239176,2458.678042022482,334539372902.0,Bull,False
2024-11-09 00:00:00+00:00,76778.8671875,76932.765625,75773.7890625,76556.1875,29009480361.0,64115.10965008803,72.11812460365596,24.527454725559377,614.3850738163806,2365.8422220565903,363548853263.0,Bull,False
2024-11-10 00:00:00+00:00,80474.1875,81474.421875,76565.4296875,76775.546875,82570594495.0,64342.31906467014,77.41682809073829,26.65733188191977,844.4514579409547,2547.4957910168337,446119447758.0,Bull,False
2024-11-11 00:00:00+00:00,88701.484375,89604.5,80283.25,80471.4140625,117966845037.0,64676.00626070205,84.48591772458921,29.646225439572486,1449.5308624636696,3031.3353773727745,564086292795.0,Bull,False
2024-11-12 00:00:00+00:00,87955.8125,89956.8828125,85155.109375,88705.5625,133673285375.0,64990.59823690879,81.9811479125051,32.45372502102059,1682.0042235516144,3157.7952388104336,430413007420.0,Bull,False
2024-11-13 00:00:00+00:00,90584.1640625,93434.3515625,86256.9296875,87929.96875,123559027869.0,65331.84578125,83.80384988474238,35.35267800883953,1880.237363048374,3444.9114271096882,553972035289.0,Bull,False
2024-11-14 00:00:00+00:00,87250.4296875,91765.21875,86682.8125,90574.8828125,87616705248.0,65620.24820106907,73.63020088264354,38.04456292609998,1661.8458489632549,3561.8753430304246,466355330041.0,Bull,False
2024-11-15 00:00:00+00:00,91066.0078125,91868.7421875,87124.8984375,87284.1796875,78243109518.0,65950.71261160714,77.0624159483869,40.55288464194529,1646.2352562228161,3646.3016578139654,544598439559.0,Bull,False
2024-11-16 00:00:00+00:00,90558.4765625,91763.9453125,90094.2265625,91064.3671875,44333192814.0,66266.19676482372,75.65191073882451,42.88204052094451,1478.8993056398558,3505.1171643986822,500265246745.0,Bull,False
2024-11-17 00:00:00+00:00,89845.8515625,91433.0390625,88741.6640625,90558.4609375,46350159305.0,66564.67340783228,73.61450091600852,44.251169275490255,1208.7775525522256,3446.992724084491,453915087440.0,Bull,False
2024-11-18 00:00:00+00:00,90542.640625,92596.7890625,89393.59375,89843.71875,75535775084.0,66864.39799804687,74.34212022305547,45.67462830668374,975.5823426661391,3429.578623257027,529450862524.0,Bull,False
2024-11-19 00:00:00+00:00,92343.7890625,94002.8671875,90426.984375,90536.8125,74521048295.0,67178.95838155864,76.17136150457664,47.170529865448984,846.0105387404801,3440.0289224886683,603971910819.0,Bull,False
2024-11-20 00:00:00+00:00,94339.4921875,94902.0234375,91619.5,92341.890625,71730956426.0,67510.18440358232,78.03955747233518,48.66632821762711,798.668042713779,3428.7785307037634,675702867245.0,Bull,False
2024-11-21 00:00:00+00:00,98504.7265625,99014.21875,94132.6015625,94334.640625,106024505582.0,67883.61262236445,81.32962255773523,50.46676908935707,941.9811456343523,3532.5527204749233,781727372827.0,Bull,False
2024-11-22 00:00:00+00:00,98997.6640625,99655.5,97222.6640625,98496.4296875,78473580551.0,68254.01799665179,81.67943824859412,52.193561121005224,960.7764017120526,3454.001521691,860200953378.0,Bull,False
2024-11-23 00:00:00+00:00,97777.28125,99014.6796875,97232.890625,99006.7421875,44414644677.0,68601.35050551471,77.79330814838973,53.797010864678505,789.011101839239,3334.5577746059284,815786308701.0,Bull,False
2024-11-24 00:00:00+00:00,98013.8203125,98647.1796875,95788.078125,97778.09375,51712020623.0,68943.35596838663,78.01167574708768,54.39469703442942,597.9893926418536,3300.5966165983623,867498329324.0,Bull,False
2024-11-25 00:00:00+00:00,93102.296875,98935.03125,92642.9140625,98033.4453125,80909462490.0,69221.04494432472,63.94984513148491,53.287955808297944,75.01155205902887,3514.2766573770505,786588866834.0,Bull,False
2024-11-26 00:00:00+00:00,91985.3203125,94991.75,90770.8125,93087.28125,91656519855.0,69479.72989169034,61.246055478746136,51.42471717350548,-386.6264477252653,3564.7524318501187,694932346979.0,Bull,False
2024-11-27 00:00:00+00:00,95962.53125,97361.1796875,91778.6640625,91978.140625,71133452438.0,69777.28945751404,66.6525448096199,50.22998378995827,-459.63765169792714,3708.878374217967,766065799417.0,Bull,False
2024-11-28 00:00:00+00:00,95652.46875,96650.203125,94677.3515625,95954.9453125,52260008261.0,70064.79144965278,65.88090557785941,49.12058850523585,-557.7939087958821,3584.876459095255,713805791156.0,Bull,False
2024-11-29 00:00:00+00:00,97461.5234375,98693.171875,95407.8828125,95653.953125,54968682476.0,70365.85443853022,68.19449849980641,48.525872456791355,-530.0566514491939,3563.477359338451,768774473632.0,Bull,False
2024-11-30 00:00:00+00:00,96449.0546875,97499.34375,96144.21875,97468.8125,31634227866.0,70649.36748471468,65.51682921240248,47.9736361260929,-603.7207389349815,3405.7379050999907,737140245766.0,Bull,False
2024-12-01 00:00:00+00:00,97279.7890625,97888.125,95770.1875,96461.3359375,36590695296.0,70935.71610383065,66.67312109854146,47.54621794630987,-618.0747126380238,3313.7521618785627,773730941062.0,Bull,False
2024-12-02 00:00:00+00:00,95865.3046875,98152.6015625,94482.8671875,97276.0078125,72680784305.0,71200.92449301861,62.811077393657314,46.468260551503874,-736.3776951204236,3339.179462815808,701050156757.0,Bull,False
2024-12-03 00:00:00+00:00,96002.1640625,96297.203125,93629.5625,95854.59375,67067810961.0,71461.99017269736,63.034191836891424,45.03451816052877,-812.9507770264208,3291.212402971822,768117967718.0,Bull,False
2024-12-04 00:00:00+00:00,98768.53125,99207.328125,94660.5234375,95988.53125,77199817112.0,71746.43330891927,67.30417658068913,44.45941118727323,-689.6923533611844,3380.897566152406,845317784830.0,Bull,False
2024-12-05 00:00:00+00:00,96593.5703125,103900.46875,91998.78125,98741.5390625,149218945580.0,72002.58936050258,61.30806070842175,44.82508470680911,-761.4168923372172,3989.525418570091,696098839250.0,Bull,False
2024-12-06 00:00:00+00:00,99920.7109375,102039.8828125,96514.875,97074.2265625,94534772658.0,72287.46815210459,66.26002134816986,45.164638689235275,-598.7263650740715,4099.202732422227,790633611908.0,Bull,False
2024-12-07 00:00:00+00:00,99923.3359375,100563.3828125,99030.8828125,99916.7109375,44177510897.0,72566.61833175505,66.263689920618,45.47993881577385,-508.43572395610954,3915.866822963497,834811122805.0,Bull,False
2024-12-08 00:00:00+00:00,101236.015625,101399.9921875,98771.515625,99921.9140625,44125751925.0,72853.3123046875,68.1298566976138,45.92616417859438,-383.4936559702064,3823.9103757875323,878936874730.0,Bull,False
2024-12-09 00:00:00+00:00,97432.71875,101272.5078125,94355.9140625,101237.0625,110676473908.0,73096.67276454208,58.101567141531454,44.22762199103501,-568.998027343876,4044.816331088423,768260400822.0,Bull,False
2024-12-10 00:00:00+00:00,96675.4296875,98270.15625,94321.2578125,97441.234375,104823780634.0,73327.8370481005,56.32382934956457,42.63605076473095,-743.6738027174306,4037.9650529749642,663436620188.0,Bull,False
2024-12-11 00:00:00+00:00,101173.03125,101913.359375,95747.2265625,96656.0625,85391409936.0,73598.17873938107,63.47220398914817,42.03351852639861,-565.3558047887768,4189.9770357981815,748828030124.0,Bull,False
2024-12-12 00:00:00+00:00,100043.0,102524.9140625,99339.953125,101167.8046875,72073983533.0,73852.45586688702,60.78053632591446,41.603739530347404,-532.9896911666019,4118.190171634026,676754046591.0,Bull,False
2024-12-13 00:00:00+00:00,101459.2578125,101888.8046875,99233.28125,100046.6484375,56894751583.0,74115.37779017857,62.90379954281791,41.15455017017751,-430.087065536286,4013.7139763387386,733648798174.0,Bull,False
2024-12-14 00:00:00+00:00,101372.96875,102618.8828125,100634.0546875,101451.4375,40422968793.0,74372.5248747052,62.68114210755328,40.90665577786684,-383.2766222916466,3868.7935583859717,693225829381.0,Bull,False
2024-12-15 00:00:00+00:00,104298.6953125,105047.5390625,101227.03125,101373.53125,51145914137.0,74652.20871057243,66.95246202910567,41.19272351354722,-180.98418754478325,3865.3445765369734,744371743518.0,Bull,False
2024-12-16 00:00:00+00:00,106029.71875,107780.578125,103322.984375,104293.578125,91020417816.0,74942.7412109375,69.19870451371193,41.94328017050295,32.326180766713605,3907.6480889271893,835392161334.0,Bull,False
2024-12-17 00:00:00+00:00,106140.6015625,108268.4453125,105291.734375,106030.6875,68589364868.0,75228.96011324541,69.34245221518506,42.72006667612994,137.89302674964893,3841.1525781109617,903981526202.0,Bull,False
2024-12-18 00:00:00+00:00,100041.5390625,106470.609375,100041.5390625,106147.296875,93865656139.0,75454.52901278409,54.32448700539015,41.1328816783518,-226.2241566115049,4026.003844853036,810115870063.0,Bull,False
2024-12-19 00:00:00+00:00,97490.953125,102748.1484375,95587.6796875,100070.6875,97221662392.0,75653.05535613738,49.49668377371194,38.26537550245157,-638.6714709030412,4249.894195220676,712894207671.0,Bull,False
2024-12-20 00:00:00+00:00,97755.9296875,98098.9140625,92175.1796875,97484.6953125,105634083408.0,75850.40244838169,49.99388163967057,36.3117530798874,-878.651722644694,4369.454208062057,818528291079.0,Bull,False
2024-12-21 00:00:00+00:00,97224.7265625,99507.1015625,96426.5234375,97756.1953125,51765334294.0,76039.5557591261,48.953410223614554,34.10337234818467,-1046.7605021039185,4277.391630700481,766762956785.0,Bull,False
2024-12-22 00:00:00+00:00,95104.9375,97360.265625,94202.1875,97218.3203125,43147981314.0,76206.79594983552,44.93448629168352,32.5801904754188,-1260.0031594951392,4197.440666007589,723614975471.0,Bull,False
2024-12-23 00:00:00+00:00,94686.2421875,96416.2109375,92403.1328125,95099.390625,65239002919.0,76367.48678668478,44.163266514095675,31.56240955460361,-1378.9246935856495,4184.271913078476,658375972552.0,Bull,False
2024-12-24 00:00:00+00:00,98676.09375,99404.0625,93448.015625,94684.34375,47114953674.0,76559.80236395475,52.52516947924972,29.753349576015285,-1148.007500871911,4310.827267501442,705490926226.0,Bull,False
2024-12-25 00:00:00+00:00,99299.1953125,99478.75,97593.46875,98675.9140625,33700394629.0,76754.15614983975,53.69152875903659,28.052684693863487,-922.1648108598636,4137.573980537053,739191320855.0,Bull,False
2024-12-26 00:00:00+00:00,95795.515625,99884.5703125,95137.8828125,99297.6953125,47054980873.0,76915.52360301907,46.73822253043673,27.06845904608367,-972.6015061524026,4181.082089070121,692136339982.0,Bull,False
2024-12-27 00:00:00+00:00,94164.859375,97294.84375,93310.7421875,95704.9765625,52419934565.0,77060.47600446429,43.88938433911041,26.560273240016972,-1071.812057196228,4167.012051457969,639716405417.0,Bull,False
2024-12-28 00:00:00+00:00,95163.9296875,95525.8984375,94014.2890625,94160.1875,24107436185.0,77211.33811848958,46.05876034250657,26.088386420097894,-1026.1264529133505,3977.3404317109716,663823841602.0,Bull,False
2024-12-29 00:00:00+00:00,93530.2265625,95174.875,92881.7890625,95174.0546875,29635885267.0,77346.2049651343,43.12274724918658,25.910160809240924,-1057.6963608372862,3857.0365392673307,634187956335.0,Bull,False
2024-12-30 00:00:00+00:00,92643.2109375,94903.3203125,91317.1328125,93527.1953125,56188003691.0,77471.59025998975,41.57320967247601,26.090467353391993,-1085.9710245761294,3837.690179319664,577999952644.0,Bull,False
2024-12-31 00:00:00+00:00,93429.203125,96090.6015625,91914.03125,92643.25,43625106843.0,77601.32694994919,43.51024277421719,25.806275786904962,-1001.4554907275876,3861.8959031182594,621625059487.0,Bull,False
2025-01-01 00:00:00+00:00,94419.7578125,94929.8671875,92788.125,93425.1015625,24519888919.0,77736.95945690524,45.942587785499605,25.542383618024154,-835.3384695884529,3739.027780574098,646144948406.0,Bull,False
2025-01-02 00:00:00+00:00,96886.875,97739.8203125,94201.5703125,94416.2890625,46009564411.0,77890.15878125,51.539394505595055,24.25904840441157,-530.6486712679912,3724.6865105330908,692154512817.0,Bull,False
2025-01-03 00:00:00+00:00,98107.4296875,98956.9140625,96034.6171875,96881.7265625,35611391163.0,78050.61331225198,54.07281363250437,22.663160922470787,-233.41973440677424,3667.3729651378703,727765903980.0,Bull,False
2025-01-04 00:00:00+00:00,98236.2265625,98734.4296875,97562.9765625,98106.9921875,22342608078.0,78209.55514886811,54.34405027294595,21.18126540352577,-25.589775242873245,3489.092976556594,750108512058.0,Bull,False
2025-01-05 00:00:00+00:00,98314.9609375,98813.3046875,97291.765625,98233.90625,20525254825.0,78366.6286315918,54.52087149681683,19.899188884303673,112.17529924345324,3348.553411266837,770633766883.0,Bull,False
2025-01-06 00:00:00+00:00,102078.0859375,102482.875,97926.1484375,98314.953125,51823432705.0,78550.43837814922,62.08003707691566,19.45245797494287,433.6767206271915,3434.851493497777,822457199588.0,Bull,False
2025-01-07 00:00:00+00:00,96922.703125,102712.484375,96132.875,102248.8515625,58685738547.0,78691.76349158653,49.85461075843285,18.394539703191924,283.34011861339746,3659.4770564622218,763771461041.0,Bull,False
2025-01-08 00:00:00+00:00,95043.5234375,97258.3203125,92525.84375,96924.1640625,63875859171.0,78816.58608659351,46.277181773249914,17.84390294290822,53.57931783809147,3736.1198783220634,699895601870.0,Bull,False
2025-01-09 00:00:00+00:00,92484.0390625,95349.71875,91220.84375,95043.484375,62777261693.0,78920.12739701704,41.87021533932731,17.67702206273782,-257.4561651239349,3764.1738155847734,637118340177.0,Bull,False
2025-01-10 00:00:00+00:00,94701.453125,95770.609375,92250.09375,92494.4921875,62058693684.0,79038.78398143797,46.61354111025475,17.370196011671492,-297.6907570958722,3746.7696591144327,699177033861.0,Bull,False
2025-01-11 00:00:00+00:00,94566.59375,94977.6875,93840.046875,94700.8359375,18860894100.0,79154.6631588153,46.365741580585684,17.085286107109905,-315.5215310741334,3560.4032995348307,680316139761.0,Bull,False
2025-01-12 00:00:00+00:00,94488.4375,95367.5390625,93712.5078125,94565.7265625,20885130965.0,79268.24667245371,46.21241610845765,16.663695771767177,-314.03750897072035,3424.3052959966285,659431008796.0,Bull,False
2025-01-13 00:00:00+00:00,94516.5234375,95837.0,89260.1015625,94488.890625,72978998252.0,79380.36635454964,46.28116308397593,17.493824388243603,-293.0292585526687,3649.4905203897265,732410007048.0,Bull,False
2025-01-14 00:00:00+00:00,96534.046875,97352.6640625,94322.15625,94519.0078125,53769675818.0,79505.57570141423,51.11469140837394,17.660457257144184,-133.2557607603311,3605.2774698261746,786179682866.0,Bull,False
2025-01-15 00:00:00+00:00,100504.4921875,100697.234375,96501.640625,96534.046875,57805923627.0,79657.74176290761,58.943942524173934,16.655714649755932,230.05214350373072,3647.4429184100195,843985606493.0,Bull,False
2025-01-16 00:00:00+00:00,99756.90625,100781.5859375,97364.4453125,100505.296875,54103781805.0,79802.34006857015,57.08994944544409,15.69561345050211,400.26820238464927,3630.992754595018,789881824688.0,Bull,False
2025-01-17 00:00:00+00:00,104462.0390625,105884.2265625,99948.90625,100025.765625,71888972663.0,79978.48077566964,64.6303603061537,15.766150906976561,787.6025061954447,3809.3018658739456,861770797351.0,Bull,False
2025-01-18 00:00:00+00:00,104408.0703125,104913.203125,102226.6171875,104124.953125,50445655726.0,80151.74027593085,64.49037384511661,15.831649973702838,985.2077663865889,3729.1078709900926,811325141625.0,Bull,False
2025-01-19 00:00:00+00:00,101089.609375,106299.796875,99570.53125,104411.2890625,76789928525.0,80299.19005831867,56.40099366466453,15.02362564777271,842.9579906889787,3943.4048534193716,734535213100.0,Bull,False
2025-01-20 00:00:00+00:00,102016.6640625,109114.8828125,99471.359375,101083.75,126279678351.0,80451.06050590034,57.98648086495303,14.998519707015419,764.1682479963937,4350.556180853702,860814891451.0,Bull,False
2025-01-21 00:00:00+00:00,106146.265625,107180.921875,100103.953125,102052.578125,88733878242.0,80629.49943033855,64.22710122024262,14.975207047740792,931.9216788885539,4545.299935792724,949548769693.0,Bull,False
2025-01-22 00:00:00+00:00,103653.0703125,106294.34375,103360.265625,106136.3828125,53878181052.0,80788.28267780172,58.57056051579001,14.953559578414351,820.6342200858987,4430.212663593244,895670588641.0,Bull,False
2025-01-23 00:00:00+00:00,103960.171875,106820.328125,101257.8046875,103657.671875,104104515428.0,80946.99424764555,59.048978767549194,14.194330323577507,717.121223200746,4511.092004586583,999775104069.0,Bull,False
2025-01-24 00:00:00+00:00,104819.484375,107098.546875,102772.125,103965.671875,52388229265.0,81109.39213966837,60.42606674176584,13.576099211652942,657.5137784123831,4497.901281044685,1052163333334.0,Bull,False
2025-01-25 00:00:00+00:00,104714.6484375,105243.7890625,104120.375,104824.03125,23888996502.0,81268.88711465371,60.160269506317555,13.002027464865844,565.521896081781,4256.8664797200645,1028274336832.0,Bull,False
2025-01-26 00:00:00+00:00,102682.5,105438.6484375,102507.7109375,104713.2109375,22543395879.0,81412.60263737416,55.100704150784864,12.270485156802609,333.7689221805724,4162.157266882917,1005730940953.0,Bull,False
2025-01-27 00:00:00+00:00,102087.6875,103214.109375,97795.9375,102680.3046875,89006608428.0,81550.43653645834,53.67769836801658,12.96891764573399,117.5319723150069,4251.872596034137,916724332525.0,Bull,False
2025-01-28 00:00:00+00:00,101332.4765625,103730.8203125,100238.1875,102095.4140625,47180685494.0,81681.44342404802,51.846881018534205,13.41791625879482,-88.14846875421586,4197.641182924556,869543647031.0,Bull,False
2025-01-29 00:00:00+00:00,103703.2109375,104750.8046875,101283.8203125,101317.5234375,47432049818.0,81826.32347347862,56.825180031735364,13.439584037603408,-76.73875077537218,4145.451410929945,916975696849.0,Bull,False
2025-01-30 00:00:00+00:00,104735.3046875,106418.765625,103321.6484375,103709.3359375,41915744521.0,81976.05537683824,58.82113992543973,12.846067514334965,-15.113257353844801,4070.5703949706635,958891441370.0,Bull,False
2025-01-31 00:00:00+00:00,102405.0234375,106026.3515625,101543.8828125,104737.5625,45732764360.0,82108.71101359578,52.87733300274891,12.835645030196252,-139.78847013082964,4099.991706044188,913158677010.0,Bull,False
2025-02-01 00:00:00+00:00,100655.90625,102755.7265625,100297.7109375,102402.796875,27757944848.0,82228.3703377016,48.88435943369506,13.180232430984978,-337.2905366755508,3982.707700255317,885400732162.0,Bull,False
2025-02-02 00:00:00+00:00,97688.9765625,101430.6640625,96216.078125,100661.5390625,63091816853.0,82327.47678786058,42.958527741487984,14.482053434628877,-647.0348749443128,4070.6990029156514,822308915309.0,Bull,False
2025-02-03 00:00:00+00:00,101405.421875,102514.171875,91242.890625,97681.1015625,115400897748.0,82448.99236166402,50.97529933043274,16.571294681037532,-582.9010823161734,4585.026306278819,937709813057.0,Bull,False
2025-02-04 00:00:00+00:00,97871.8203125,101745.6171875,96208.109375,101398.71875,73002130211.0,82546.60519679589,44.56243292904736,18.511304409845568,-749.1422245062365,4653.060699580332,864707682846.0,Bull,False
2025-02-05 00:00:00+00:00,96615.4453125,99113.2109375,96174.828125,97878.0078125,49125911241.0,82635.08846796384,42.51449934541231,20.318339470401913,-904.0285514943024,4530.583707646022,815581771605.0,Bull,False
2025-02-06 00:00:00+00:00,96593.296875,99168.609375,95707.3515625,96610.640625,45302471947.0,82722.32727050781,42.477438631032314,22.079109329349194,-962.852583319362,4454.203286564163,770279299658.0,Bull,False
2025-02-07 00:00:00+00:00,96529.0859375,100154.140625,95653.8828125,96581.3203125,55741290456.0,82808.08353552019,42.362145014990325,23.250764397506185,-958.8727713036862,4457.492895559581,714538009202.0,Bull,False
2025-02-08 00:00:00+00:00,96482.453125,96877.8046875,95702.4921875,96533.2578125,22447526395.0,82892.49322434413,42.27240808458732,24.33872981793768,-912.4300951258573,4223.051438733896,692090482807.0,Bull,False
2025-02-09 00:00:00+00:00,96500.09375,97325.28125,94745.2578125,96481.3125,27732901800.0,82975.97543615797,42.322182838917044,25.55984143854426,-835.6257267825029,4105.692295788618,719823384607.0,Bull,False
2025-02-10 00:00:00+00:00,97437.5546875,98333.21875,95320.84375,96499.4609375,40078962391.0,83064.15579744664,45.03449577865109,26.17237636743344,-683.212106358438,4027.5982032322886,759902346998.0,Bull,False
2025-02-11 00:00:00+00:00,95747.4296875,98492.8984375,94875.0390625,97438.1328125,37488783272.0,83141.02412405303,41.26675012971816,26.854029241207307,-657.5270627804243,3998.3311440728394,722413563726.0,Bull,False
2025-02-12 00:00:00+00:00,97885.859375,98151.0234375,94101.203125,95745.6953125,49340445530.0,83229.84843279367,47.27705828107893,27.684084907466666,-466.7914353213248,4002.0089418176367,771754009256.0,Bull,False
2025-02-13 00:00:00+00:00,96623.8671875,98111.0859375,95269.7109375,97888.75,37147280860.0,83310.05213791168,44.39007068375461,28.45485088327893,-398.5470441675259,3919.1065174020914,734606728396.0,Bull,False
2025-02-14 00:00:00+00:00,97508.96875,98819.46875,96342.8046875,96623.3671875,32697987277.0,83394.56949869792,46.84187200882991,28.739470538895603,-272.7243941791106,3816.0749134805133,767304715673.0,Bull,False
2025-02-15 00:00:00+00:00,97580.3515625,97975.0390625,97240.1953125,97508.3828125,17047266288.0,83478.50903753698,47.04465334431851,29.003760219111086,-168.71667382270198,3595.9869732319053,784351981961.0,Bull,False
2025-02-16 00:00:00+00:00,96175.03125,97725.59375,96060.9765625,97580.4921875,16536755396.0,83553.19446231618,43.52452354417206,29.62371385808521,-177.68958946214366,3458.031988536769,767815226565.0,Bull,False
2025-02-17 00:00:00+00:00,95773.3828125,97032.234375,95243.546875,96179.0078125,27336550690.0,83624.65755208333,42.544696821260445,30.443162333428937,-192.54921906098218,3338.7930964984284,740478675875.0,Bull,False
2025-02-18 00:00:00+00:00,95539.546875,96695.375,93388.8359375,95773.8125,37325720482.0,83693.93016442587,41.95255796680795,31.70066886737413,-199.17130025868687,3336.489236927112,703152955393.0,Bull,False
2025-02-19 00:00:00+00:00,96635.609375,96855.59375,95011.96875,95532.53125,28990872862.0,83768.73755870665,45.76305879292204,32.75350225896829,-114.95814219001568,3229.856077146604,732143828255.0,Bull,False
2025-02-20 00:00:00+00:00,98333.9375,98767.1953125,96442.671875,96632.6796875,31668022771.0,83852.44560434627,51.11760216440461,32.450193937464356,60.47138922306988,3165.1894600289893,763811851026.0,Bull,False
2025-02-21 00:00:00+00:00,96125.546875,99497.96875,94852.9609375,98340.671875,49608706470.0,83922.57761160714,44.90892739230427,32.673258886061305,34.42178002758135,3270.890770919776,714203144556.0,Bull,False
2025-02-22 00:00:00+00:00,96577.7578125,96950.15625,95765.34375,96134.203125,18353824477.0,83994.48204456676,46.34600541957646,32.88039062404419,53.16943422608415,3121.885180139792,732556969033.0,Bull,False
2025-02-23 00:00:00+00:00,96273.921875,96671.875,95270.453125,96577.8046875,16999478976.0,84063.8574108404,45.487440026998776,33.23128180192232,50.64203304579337,2998.9949440583778,715557490057.0,Bull,False
2025-02-24 00:00:00+00:00,91418.171875,96503.453125,91371.7421875,96277.9609375,44046480529.0,84105.17378423455,34.49068113003341,34.56214905175801,-255.69561493807532,3151.3318007327794,671511009528.0,Bull,False
2025-02-25 00:00:00+00:00,88736.171875,92511.078125,86008.234375,91437.1171875,92139104128.0,84131.04528194832,30.15445581371162,36.66096211499714,-597.0904853775896,3390.725511394724,579371905400.0,Bull,False
2025-02-26 00:00:00+00:00,84347.0234375,89286.25,82131.8984375,88638.890625,64597492134.0,84132.24516059028,24.68494575558273,39.03074048743937,-1050.1473955203803,3659.555943616529,514774413266.0,Bull,False
2025-02-27 00:00:00+00:00,84704.2265625,87000.78125,83144.9609375,84076.859375,52659591954.0,84135.40527883287,25.86349758845043,41.231248976135724,-1244.1473503118352,3673.574827108205,567434005220.0,Bull,False
2025-02-28 00:00:00+00:00,84373.0078125,85036.3203125,78248.9140625,84705.625,83610570576.0,84136.71078725961,25.465569464601344,43.690723100129176,-1306.7034383633895,3895.991357314762,483823434644.0,Bull,False
2025-03-01 00:00:00+00:00,86031.9140625,86522.3046875,83794.234375,84373.8671875,29190628396.0,84147.0670893101,31.176971978564808,45.229393777312985,-1153.610394068448,3812.568425542279,513014063040.0,Bull,False
2025-03-02 00:00:00+00:00,94248.3515625,95043.4375,85040.2109375,86036.2578125,58398341092.0,84201.9653744905,51.14519801322386,43.49130604997326,-452.2624055670749,4254.75829246783,571412404132.0,Bull,False
2025-03-03 00:00:00+00:00,86065.671875,94429.75,85081.3046875,94248.421875,70072228536.0,84212.03946368243,39.00719784787648,41.877367446014944,-489.5672100530355,4618.593079612985,501340175596.0,Bull,False
2025-03-04 00:00:00+00:00,87222.1953125,88911.2734375,81529.2421875,86064.0703125,68095241474.0,84228.22309727823,41.13363742413074,41.02751192844337,-390.7677475493633,4815.981520354914,569435417070.0,Bull,False
2025-03-05 00:00:00+00:00,90623.5625,90998.2421875,86379.7734375,87222.953125,50498988027.0,84262.42277322861,46.98742699511304,39.60950736240879,-67.68867585566568,4801.873465329562,619934405097.0,Bull,False
2025-03-06 00:00:00+00:00,89961.7265625,92804.9375,87852.140625,90622.359375,47749810486.0,84292.73821891622,46.02829948716211,37.77868670141839,119.87831618938299,4812.653708877451,572184594611.0,Bull,False
2025-03-07 00:00:00+00:00,86742.671875,91191.046875,84717.6796875,89963.28125,65945677657.0,84305.70083085318,41.58233260409109,36.69240452673959,49.20743692593169,4931.276100207634,506238916954.0,Bull,False
2025-03-08 00:00:00+00:00,86154.59375,86847.265625,85247.484375,86742.65625,18206118081.0,84315.4318462171,40.8068611123851,35.68371393596641,-11.826628830286609,4693.3121823356605,488032798873.0,Bull,False
2025-03-09 00:00:00+00:00,80601.0390625,86471.1328125,80052.484375,86154.3046875,30899345977.0,84295.98476357984,34.301255691534735,35.63793807502201,-380.4791786760579,4816.55048627597,457133452896.0,Bear,False
2025-03-10 00:00:00+00:00,78532.0,83955.9296875,77420.59375,80597.1484375,54061099422.0,84265.96400960286,32.23910755241093,35.97024861230819,-699.3748232215262,4939.320875649115,403072353474.0,Bear,False
2025-03-11 00:00:00+00:00,82862.2109375,83577.7578125,76624.25,78523.875,54702837196.0,84258.69067762306,40.32498942457506,36.388210832810955,-560.3875649627971,5083.191371138463,457775190670.0,Bear,False
2025-03-12 00:00:00+00:00,83722.359375,84358.578125,80635.25,82857.375,40353484454.0,84255.92608327964,41.81038722932761,36.509203829700866,-361.86816107176264,4986.0582821285725,498128675124.0,Bear,False
2025-03-13 00:00:00+00:00,81066.703125,84301.6953125,79931.8515625,83724.921875,31412940153.0,84239.57109375,38.61455178687838,36.73186990832365,-359.9875476754164,4942.0429584051035,466715734971.0,Bear,False
2025-03-14 00:00:00+00:00,83969.1015625,85263.2890625,80797.5625,81066.9921875,29588112414.0,84238.191147162,43.68122907263525,36.58536609405314,-125.93235353029377,4908.020358697597,496303847385.0,Bear,False
2025-03-15 00:00:00+00:00,84343.109375,84672.671875,83639.59375,83968.40625,13650491277.0,84238.72372699874,44.31901226324964,36.44932683794481,80.30685222532202,4631.23877057634,509954338662.0,Bear,False
2025-03-16 00:00:00+00:00,82883.859375,84408.8828125,82408.6484375,84354.53125,13652920320.0,84231.88097774622,42.30595948753304,36.55609924906886,141.12286905394194,4443.3098851780305,496301418342.0,Bear,False
2025-03-17 00:00:00+00:00,84075.6875,84725.328125,82492.15625,82576.3359375,25092785558.0,84231.09608589824,44.522376859077966,36.52082206572048,276.46633725342053,4285.4428844510285,521394203900.0,Bear,False
