timestamp,close,high,low,open,volume,200_MA,RSI,ADX,MACD_Histogram,ATR,OBV,Market_State,Questionable,market_state,questionable
2024-08-31 00:00:00+00:00,58969.8984375,59432.59375,58768.78515625,59117.48046875,12403470760,63681.25587890630,44.57927171681500,20.050701922085000,-148.2800105640660,2512.523516835310,1194990892301,Bear,FALSE,Ranging,
2024-09-01 00:00:00+00:00,57325.48828125,59062.0703125,57217.82421875,58969.80078125,24592449997,63708.74984375,40.31670142302100,20.572085847156500,-285.1920158628280,2464.789415186360,1170398442304,Bear,FALSE,Ranging,
2024-09-02 00:00:00+00:00,59112.48046875,59403.0703125,57136.02734375,57326.96875,27036454524,63744.61947265630,46.32321256341270,20.857300471380300,-239.4389276808130,2450.6646690123400,1197434896828,Bear,FALSE,Ranging,
2024-09-03 00:00:00+00:00,57431.0234375,59815.05859375,57425.16796875,59106.19140625,26666961053,63770.97357421880,42.03632571242780,20.875979735219600,-302.39594666299400,2446.3236658686000,1170767935775,Bear,FALSE,Ranging,
2024-09-04 00:00:00+00:00,57971.5390625,58511.5703125,55673.1640625,57430.34765625,35627680312,63802.5162890625,43.835657257348500,21.526938916366900,-287.6997182648900,2474.329564735130,1206395616087,Bear,FALSE,Ranging,
2024-09-05 00:00:00+00:00,56160.48828125,58300.58203125,55712.453125,57971.703125,31030280656,63822.70599609380,39.42014986730100,22.131401013146600,-374.51808788459600,2482.4580891290500,1175365335431,Bear,FALSE,Ranging,
2024-09-06 00:00:00+00:00,53948.75390625,56976.109375,52598.69921875,56160.19140625,49361693566,63833.55404296880,34.80878973818150,23.633702022638400,-545.1297668849490,2617.8118082091100,1126003641865,Bear,FALSE,Ranging,
2024-09-07 00:00:00+00:00,54139.6875,54838.14453125,53740.0703125,53949.0859375,19061486526,63842.82810546880,35.51014208053020,25.02869581716650,-604.7426050209950,2509.2591232477500,1145065128391,Bear,FALSE,Ranging,
2024-09-08 00:00:00+00:00,54841.56640625,55300.859375,53653.7578125,54147.93359375,18268287531,63857.8400390625,38.14458888090170,26.002826986997800,-557.672849721523,2447.676440337200,1163333415922,Bear,FALSE,Ranging,
2024-09-09 00:00:00+00:00,57019.53515625,58041.125,54598.43359375,54851.88671875,34618096173,63886.4128515625,45.57436390145830,25.25426483255410,-350.7323313505920,2518.748937902400,1197951512095,Bear,FALSE,Ranging,
2024-09-10 00:00:00+00:00,57648.7109375,58029.9765625,56419.4140625,57020.09765625,28857630507,63920.99666015630,47.53489418406190,24.559171403427900,-152.47703889767900,2453.878478052220,1226809142602,Bear,FALSE,Ranging,
2024-09-11 00:00:00+00:00,57343.171875,57991.3203125,55567.33984375,57650.2890625,37049062672,63949.85701171880,46.65595951599600,24.256290573428900,-29.362139470347800,2451.742905959210,1189760079930,Bear,FALSE,Ranging,
2024-09-12 00:00:00+00:00,58127.01171875,58534.359375,57330.1015625,57343.171875,33835707949,63981.82587890630,49.24857199519280,23.652734574109,109.79086991848000,2362.636827854980,1223595787879,Bear,FALSE,Ranging,
2024-09-13 00:00:00+00:00,60571.30078125,60648.0234375,57650.11328125,58130.32421875,32490528356,64012.07037109380,56.36971435542840,21.96858298574930,357.41737965728000,2408.0134941689100,1256086316235,Bear,FALSE,Ranging,
2024-09-14 00:00:00+00:00,60005.12109375,60656.72265625,59517.8828125,60569.1171875,16428405496,64026.66912109380,54.463408329404000,20.40042652293420,467.1162779831860,2317.3582334247000,1239657910739,Bear,FALSE,Ranging,
2024-09-15 00:00:00+00:00,59182.8359375,60381.91796875,58696.30859375,60000.7265625,18120960867,64010.05935546880,51.727382823200200,19.356168317843600,467.20551886630100,2272.2333149657900,1221536949872,Bear,FALSE,Ranging,
2024-09-16 00:00:00+00:00,58192.5078125,59205.51171875,57501.33984375,59185.2265625,32032822113,63995.02998046880,48.56318358980180,18.944088638399300,386.79990623159200,2231.6574978253800,1189504127759,Bear,FALSE,Ranging,
2024-09-17 00:00:00+00:00,60308.5390625,61316.08984375,57628.0703125,58192.5078125,38075570118,63984.36951171880,54.90993930528710,17.724966204385200,457.51567699736700,2335.68335735571,1227579697877,Bear,FALSE,Ranging,
2024-09-18 00:00:00+00:00,61649.6796875,61664.06640625,59218.25390625,60309.0,40990702891,63982.468671875,58.41243878433200,16.758341988086400,568.7498854395510,2343.5497246874400,1268570400768,Bear,FALSE,Ranging,
2024-09-19 00:00:00+00:00,62940.45703125,63872.44140625,61609.8671875,61651.15625,42710252573,63981.3341015625,61.511234456467700,16.811305144667400,695.0388216456210,2337.765759977630,1311280653341,Ranging,FALSE,Ranging,
2024-09-20 00:00:00+00:00,63192.9765625,64119.53125,62364.60546875,62941.42578125,35177164222,63955.6469140625,62.1061111962507,16.957487983459500,756.3001727364330,2296.134332925650,1346457817563,Ranging,FALSE,Ranging,
2024-09-21 00:00:00+00:00,63394.83984375,63543.359375,62783.10546875,63184.33984375,14408616220,63953.6151171875,62.60369782732640,17.093229190909400,768.6355474066870,2186.428588163110,1360866433783,Ranging,FALSE,Ranging,
2024-09-22 00:00:00+00:00,63648.7109375,63993.421875,62440.7265625,63396.8046875,20183348802,63941.3246484375,63.25714877247340,17.414042690385500,751.2255683892460,2141.1619256157400,1381049782585,Ranging,FALSE,Ranging,
2024-09-23 00:00:00+00:00,63329.80078125,64733.55859375,62628.078125,63643.1015625,31400285425,63923.34623046880,61.79636137345760,18.026563251752400,677.8186815311110,2138.613250125330,1349649497160,Ranging,FALSE,Ranging,
2024-09-24 00:00:00+00:00,64301.96875,64695.21484375,62737.41796875,63326.83984375,29938335243,63903.35560546880,64.4885382591416,18.595332344450300,654.0108318468010,2125.697794759240,1379587832403,Ranging,FALSE,Ranging,
2024-09-25 00:00:00+00:00,63143.14453125,64804.50390625,62945.375,64302.58984375,25078377700,63876.5769140625,59.13880253909980,19.17384357086090,525.0531785925650,2106.65715986572,1354509454703,Ranging,FALSE,Ranging,
2024-09-26 00:00:00+00:00,65181.01953125,65790.796875,62669.26953125,63138.546875,36873129847,63857.38306640630,64.68674786145360,20.154798929273000,539.7590124939410,2179.1478872860300,1391382584550,Bull,FALSE,Ranging,
2024-09-27 00:00:00+00:00,65790.6640625,66480.6953125,64852.9921875,65180.6640625,32058813449,63825.71685546880,66.1667052099568,21.353280256326500,551.3628809265170,2139.7589756941700,1423441397999,Bull,FALSE,Ranging,
2024-09-28 00:00:00+00:00,65887.6484375,66255.53125,65458.03515625,65792.1796875,15243637984,63797.74865234380,66.40789475529480,22.466155774304700,526.4407625014510,2043.8830555553000,1438685035983,Bull,FALSE,Ranging,
2024-09-29 00:00:00+00:00,65635.3046875,66069.34375,65450.015625,65888.8984375,14788214575,63760.50767578130,65.10736653609890,23.491633467834000,456.4381519405940,1942.1291319442000,1423896821408,Bull,FALSE,Ranging,
2024-09-30 00:00:00+00:00,63329.5,65635.0546875,62873.6171875,65634.65625,37112957475,63720.17220703130,54.58754689716750,22.30790870697030,229.7622201344110,2000.6690153767600,1386783863933,Bull,FALSE,Ranging,
2024-10-01 00:00:00+00:00,60837.0078125,64110.98046875,60189.27734375,63335.60546875,50220923500,63677.33837890630,45.9454916371336,21.724246307975600,-95.66842194197380,2137.885737492710,1336562940433,Bull,FALSE,Ranging,
2024-10-02 00:00:00+00:00,60632.78515625,62357.6875,59996.94921875,60836.32421875,40762722398,63653.92671875,45.3125024280906,21.274073881650800,-319.6869278579290,2153.8037763325100,1295800218035,Bull,FALSE,Ranging,
2024-10-03 00:00:00+00:00,60759.40234375,61469.0390625,59878.8046875,60632.484375,36106447279,63615.77060546880,45.81097147325360,20.915290271248900,-446.5567941544080,2113.548819094480,1331906665314,Bull,FALSE,Ranging,
2024-10-04 00:00:00+00:00,62067.4765625,62465.9921875,60459.94140625,60754.625,29585472513,63588.36501953130,50.80024683581660,19.902797830472900,-429.4694262871770,2105.8703878198700,1361492137827,Bull,FALSE,Ranging,
2024-10-05 00:00:00+00:00,62089.94921875,62371.0234375,61689.58203125,62067.609375,13305410749,63589.2508984375,50.88391429161820,18.962626278323900,-404.1134416441890,2004.1254605648800,1374797548576,Bull,FALSE,Ranging,
2024-10-06 00:00:00+00:00,62818.953125,62959.5703125,61833.1484375,62084.98828125,14776233667,63563.7773046875,53.638230348720800,17.685198996780900,-328.89382074321900,1941.4323473102500,1389573782243,Ranging,FALSE,Ranging,
2024-10-07 00:00:00+00:00,62236.66015625,64443.70703125,62152.55078125,62819.109375,34253562610,63547.50365234380,51.169912554070000,17.253974205455000,-309.2980630651210,1966.4126260738000,1355320219633,Ranging,FALSE,Ranging,
2024-10-08 00:00:00+00:00,62131.96875,63174.3046875,61843.5625,62221.64453125,28134475157,63539.2696875,50.71801184297810,16.63460269928310,-294.40913843505500,1921.0075947471000,1327185744476,Ranging,FALSE,Ranging,
2024-10-09 00:00:00+00:00,60582.1015625,62508.8359375,60314.61328125,62131.7265625,27670982363,63521.8691796875,44.458363245044700,15.823253676955600,-374.8075917907710,1940.5229562830200,1299514762113,Ranging,FALSE,Ranging,
2024-10-10 00:00:00+00:00,60274.5,61236.72265625,58895.20703125,60581.9296875,30452813570,63487.0708203125,43.315716537594000,15.835509823497200,-430.58295552168300,1969.1652897628100,1269061948543,Ranging,FALSE,Ranging,
2024-10-11 00:00:00+00:00,62445.08984375,63400.87109375,60046.125,60275.4609375,30327141594,63449.50220703130,52.57789675826310,14.8601667406745,-308.86743527960400,2068.135347190460,1299389090137,Ranging,FALSE,Ranging,
2024-10-12 00:00:00+00:00,63193.0234375,63448.78515625,62443.26953125,62444.6171875,16744110886,63415.52814453130,55.288934375324800,13.980497790756500,-172.3712231576710,1992.2339384625700,1316133201023,Ranging,FALSE,Ranging,
2024-10-13 00:00:00+00:00,62851.375,63272.65234375,62035.63671875,63192.9453125,18177529690,63382.50830078130,53.7765954919743,13.04166700253740,-102.90782759114400,1938.2897732152500,1297955671333,Ranging,FALSE,Ranging,
2024-10-14 00:00:00+00:00,66046.125,66482.4921875,62442.15234375,62848.3984375,43706958056,63359.01416015630,63.75932493716900,13.624384194334500,146.81854558637200,2088.4362068248700,1341662629389,Ranging,FALSE,Ranging,
2024-10-15 00:00:00+00:00,67041.109375,67881.6796875,64809.1953125,66050.3671875,48863870879,63344.75556640630,66.20712834732600,14.689185280044900,355.72065942338700,2158.7253616945200,1390526500268,Ranging,FALSE,Ranging,
2024-10-16 00:00:00+00:00,67612.71875,68375.2890625,66758.7265625,67042.4609375,38195189534,63334.59263671880,67.56261084289500,15.852221977798600,500.25436164487100,2119.9994430020600,1428721689802,Ranging,FALSE,Ranging,
2024-10-17 00:00:00+00:00,67399.8359375,67912.2109375,66647.390625,67617.078125,32790898511,63314.92357421880,66.49289119837910,16.855237451394100,545.6618554173300,2058.9152193947700,1395930791291,Ranging,FALSE,Ranging,
2024-10-18 00:00:00+00:00,68418.7890625,68969.75,67177.8203125,67419.109375,36857165014,63308.50677734380,69.02118014732840,18.175232498085500,603.9278442651940,2039.844824259430,1432787956305,Ranging,FALSE,Ranging,
2024-10-19 00:00:00+00:00,68362.734375,68668.0078125,68024.640625,68418.9765625,14443497908,63323.0855859375,68.71401109013440,19.40094218429900,597.2179284018770,1940.0964216337500,1418344458397,Ranging,FALSE,Ranging,
2024-10-20 00:00:00+00:00,69001.703125,69359.0078125,68105.71875,68364.1796875,18975847518,63338.1900390625,70.33468773784750,20.795654412268300,593.127710751402,1891.0387531242,1437320305915,Ranging,FALSE,Ranging,
2024-10-21 00:00:00+00:00,67367.8515625,69462.734375,66829.8515625,69002.0,37498611780,63332.485078125,61.55414337141600,21.103759597840600,444.49594450545100,1944.0276145081900,1399821694135,Bull,FALSE,Ranging,
2024-10-22 00:00:00+00:00,67361.40625,67801.578125,66581.3671875,67360.703125,31808472566,63330.10390625,61.52151503253000,21.20724715561550,315.90402741140800,1892.3264232933200,1368013221569,Bull,FALSE,Ranging,
2024-10-23 00:00:00+00:00,66432.1953125,67402.7421875,65188.03515625,67362.375,32263980353,63317.7843359375,56.84338168524460,20.3418072321604,147.0049446934830,1915.3536095759400,1335749241216,Bull,FALSE,Ranging,
2024-10-24 00:00:00+00:00,68161.0546875,68798.9609375,66454.1015625,66653.703125,31414428647,63311.7768359375,62.54941406125900,20.226333365795700,130.9928640524950,1947.5973249633700,1367163669863,Bull,FALSE,Ranging,
2024-10-25 00:00:00+00:00,66642.4140625,68722.15625,65521.79296875,68165.296875,41469984306,63286.832109375,55.59582485616160,19.5186064407971,4.100351643636940,2037.0806075552700,1325693685557,Bull,FALSE,Ranging,
2024-10-26 00:00:00+00:00,67014.6953125,67317.921875,66360.59375,66628.734375,19588098156,63276.2105078125,56.86186643498700,18.86143143901270,-64.9730811125853,1959.9554302298900,1345281783713,Bull,FALSE,Ranging,
2024-10-27 00:00:00+00:00,67929.296875,68221.3125,66847.2265625,67023.4765625,16721307878,63262.917578125,59.88771392473490,18.72337737110250,-59.42798922155700,1918.1076093206200,1362003091591,Bull,FALSE,Ranging,
2024-10-28 00:00:00+00:00,69907.7578125,70212.265625,67535.1328125,67922.671875,38799856657,63262.1533203125,65.52165521101180,19.478684685056800,60.624333789059200,1972.3236952620000,1400802948248,Bull,FALSE,Ranging,
2024-10-29 00:00:00+00:00,72720.4921875,73577.2109375,69729.9140625,69910.046875,58541874402,63289.7764453125,71.6237139090891,21.256858620304900,299.2574363891010,2106.250350957570,1459344822650,Bull,FALSE,Ranging,
2024-10-30 00:00:00+00:00,72339.5390625,72905.296875,71411.734375,72715.3671875,40646637831,63332.36677734380,69.8213369125519,22.908020131606600,395.209389338768,2062.486933032030,1418698184819,Bull,FALSE,Ranging,
2024-10-31 00:00:00+00:00,70215.1875,72662.3125,69590.5,72335.046875,40627912076,63354.74908203130,60.65501606718660,23.223937222793500,284.5412244285250,2134.5816163868900,1378070272743,Bull,FALSE,Ranging,
2024-11-01 00:00:00+00:00,69482.46875,71559.015625,68779.703125,70216.8984375,49989795365,63385.03037109380,57.834742118348800,23.030131539368200,138.33120859414300,2180.6338223592500,1328080477378,Bull,FALSE,Ranging,
2024-11-02 00:00:00+00:00,69289.2734375,69867.3515625,69033.71875,69486.0234375,18184612091,63412.417421875,57.081107349247100,22.850169119044700,11.624660341429700,2084.419464512160,1309895865287,Bull,FALSE,Ranging,
2024-11-03 00:00:00+00:00,68741.1171875,69361.65625,67482.5234375,69296.3828125,34868307655,63449.73955078130,54.89535869844750,21.768707619980800,-118.89459837412300,2069.756132225580,1275027557632,Bull,FALSE,Ranging,
2024-11-04 00:00:00+00:00,67811.5078125,69433.1796875,66803.6484375,68742.1328125,41184819348,63471.2333203125,51.30723622491790,20.39768788175740,-269.0340173824290,2109.7400692094700,1233842738284,Bull,FALSE,Ranging,
2024-11-05 00:00:00+00:00,69359.5625,70522.7890625,67458.8671875,67811.171875,46046889204,63498.81328125,56.41614090971970,19.654417975247500,-264.86850117920500,2177.895912480220,1279889627488,Bull,FALSE,Ranging,
2024-11-06 00:00:00+00:00,75639.078125,76460.15625,69322.03125,69358.5,118592653963,63552.03646484380,70.11406493764220,20.949615420007600,138.34846815605900,2532.1979901602000,1398482281451,Bull,FALSE,Ranging,
2024-11-07 00:00:00+00:00,75904.859375,76943.1171875,74480.421875,75637.0859375,63467654989,63606.9275390625,70.53615140001680,22.269343465971800,386.4480548097120,2527.2335131844700,1461949936440,Bull,FALSE,Ranging,
2024-11-08 00:00:00+00:00,76545.4765625,77252.75,75648.7421875,75902.8359375,55176858003,63655.4665234375,71.57810073259020,23.572082600284400,547.3576413829390,2461.288820278440,1517126794443,Bull,FALSE,Ranging,
2024-11-09 00:00:00+00:00,76778.8671875,76932.765625,75773.7890625,76556.1875,29009480361,63707.3244921875,71.96705218635410,24.781768939288900,617.947291991065,2368.2665161514100,1546136274804,Bull,FALSE,Ranging,
2024-11-10 00:00:00+00:00,80474.1875,81474.421875,76565.4296875,76775.546875,82570594495,63788.3109375,77.27076983101020,26.895291544258600,847.7495684764020,2549.746921247740,1628706869299,Bull,FALSE,Bull,
2024-11-11 00:00:00+00:00,88701.484375,89604.5,80283.25,80471.4140625,117966845037,63909.40982421880,84.36380898182720,29.8681406401461,1452.5845832833000,3033.4257125871800,1746673714336,Bull,FALSE,Bull,
2024-11-12 00:00:00+00:00,87955.8125,89956.8828125,85155.109375,88705.5625,133673285375,64030.41228515630,81.87008629661820,32.66071891816810,1684.8317647331500,3159.736264366670,1613000428961,Bull,FALSE,Bull,
2024-11-13 00:00:00+00:00,90584.1640625,93434.3515625,86256.9296875,87929.96875,123559027869,64166.23740234380,83.6991264147833,35.545620663935000,1882.8555504877900,3446.7138079833400,1736559456830,Bull,FALSE,Bull,
2024-11-14 00:00:00+00:00,87250.4296875,91765.21875,86682.8125,90574.8828125,87616705248,64286.9233984375,73.56203319399920,38.224457999290000,1664.2702360965000,3563.548982413100,1648942751582,Bull,FALSE,Bull,
2024-11-15 00:00:00+00:00,91066.0078125,91868.7421875,87124.8984375,87284.1796875,78243109518,64423.04783203130,76.99609509400980,40.72065860305790,1648.4802253058300,3647.855751526450,1727185861100,Bull,FALSE,Bull,
2024-11-16 00:00:00+00:00,90558.4765625,91763.9453125,90094.2265625,91064.3671875,44333192814,64572.6559375,75.5896285735297,43.03855916369940,1480.9781598440600,3506.5602514174200,1682852668286,Bull,FALSE,Bull,
2024-11-17 00:00:00+00:00,89845.8515625,91433.0390625,88741.6640625,90558.4609375,46350159305,64730.61513671880,73.55786685077830,44.39737558546650,1210.7025999349300,3448.3327334590300,1636502508981,Bull,FALSE,Bull,
2024-11-18 00:00:00+00:00,90542.640625,92596.7890625,89393.59375,89843.71875,75535775084,64887.711171875,74.28566478453160,45.81117659202930,977.3649729145840,3430.822917676240,1712038284065,Bull,FALSE,Bull,
2024-11-19 00:00:00+00:00,92343.7890625,94002.8671875,90426.984375,90536.8125,74521048295,65034.9809375,76.11570103781410,47.29802070419540,847.6612934565520,3441.184338735080,1786559332360,Bull,FALSE,Bull,
2024-11-20 00:00:00+00:00,94339.4921875,94902.0234375,91619.5,92341.890625,71730956426,65187.22103515630,77.98521993057030,48.78535642233160,800.196679898726,3429.8514172182900,1858290288786,Bull,FALSE,Bull,
2024-11-21 00:00:00+00:00,98504.7265625,99014.21875,94132.6015625,94334.640625,106024505582,65359.58900390630,81.2788709837307,50.57775652133350,943.3966989437220,3533.5489722384100,1964314794368,Bull,FALSE,Bull,
2024-11-22 00:00:00+00:00,98997.6640625,99655.5,97222.6640625,98496.4296875,78473580551,65538.767578125,81.62916223776260,52.297059945719200,962.0872349774380,3454.9266126142400,2042788374919,Bull,FALSE,Bull,
2024-11-23 00:00:00+00:00,97777.28125,99014.6796875,97232.890625,99006.7421875,44414644677,65715.97990234380,77.75043709944940,53.89355598264880,790.224959291816,3335.4167876060800,1998373730242,Bull,FALSE,Bull,
2024-11-24 00:00:00+00:00,98013.8203125,98647.1796875,95788.078125,97778.09375,51712020623,65900.109296875,77.9689466380332,54.48488321961290,599.1134452213820,3301.394271527070,2050085750865,Bull,FALSE,Bull,
2024-11-25 00:00:00+00:00,93102.296875,98935.03125,92642.9140625,98033.4453125,80909462490,66050.3709765625,63.92954594371680,53.372366954646900,76.05244014826080,3515.0173369537100,1969176288375,Bull,FALSE,Bull,
2024-11-26 00:00:00+00:00,91985.3203125,94991.75,90770.8125,93087.28125,91656519855,66206.33369140630,61.229327408114900,51.50380482846940,-385.66257483757400,3565.440205742730,1877519768520,Bull,FALSE,Bull,
2024-11-27 00:00:00+00:00,95962.53125,97361.1796875,91778.6640625,91978.140625,71133452438,66382.17779296880,66.63347842330500,50.30400080645900,-458.74509935386600,3709.5170214039700,1948653220958,Bull,FALSE,Bull,
2024-11-28 00:00:00+00:00,95652.46875,96650.203125,94677.3515625,95954.9453125,52260008261,66553.1981640625,65.86271854987410,49.18989707173510,-556.9674032607940,3585.4694886251100,1896393212697,Bull,FALSE,Bull,
2024-11-29 00:00:00+00:00,97461.5234375,98693.171875,95407.8828125,95653.953125,54968682476,66725.99853515630,68.17570226610640,48.59071454455920,-529.2913087387970,3564.0280296161700,1951361895173,Bull,FALSE,Bull,
2024-11-30 00:00:00+00:00,96449.0546875,97499.34375,96144.21875,97468.8125,31634227866,66900.47986328130,65.50081808782880,48.03433076932450,-603.0120359770580,3406.2492417864500,1919727667307,Bull,FALSE,Bull,
2024-12-01 00:00:00+00:00,97279.7890625,97888.125,95770.1875,96461.3359375,36590695296,67055.54134765630,66.65679186519140,47.603043867275100,-617.4184605864980,3314.226974515990,1956318362603,Bull,FALSE,Bull,
2024-12-02 00:00:00+00:00,95865.3046875,98152.6015625,94482.8671875,97276.0078125,72680784305,67208.7099609375,62.798382527106800,46.52152043969360,-735.7700146557270,3339.620360264850,1883637578298,Bull,FALSE,Bull,
2024-12-03 00:00:00+00:00,96002.1640625,96297.203125,93629.5625,95854.59375,67067810961,67353.46140625,63.021418656391300,45.084479162724900,-812.3880754900590,3291.6218077459300,1950705389259,Bull,FALSE,Bull,
2024-12-04 00:00:00+00:00,98768.53125,99207.328125,94660.5234375,95988.53125,77199817112,67512.6000390625,67.29026374199440,44.50618391953870,-689.171303585299,3381.2777277283600,2027905206371,Bull,FALSE,Bull,
2024-12-05 00:00:00+00:00,96593.5703125,103900.46875,91998.78125,98741.5390625,149218945580,67664.1760546875,61.29873079891600,44.868771064487700,-760.93441304116,3989.878425747760,1878686260791,Bull,FALSE,Bull,
2024-12-06 00:00:00+00:00,99920.7109375,102039.8828125,96514.875,97074.2265625,94534772658,67806.5386328125,66.24947644663620,45.20545912765460,-598.2796027104590,4099.530524801500,1973221033449,Bull,FALSE,Bull,
2024-12-07 00:00:00+00:00,99923.3359375,100563.3828125,99030.8828125,99916.7109375,44177510897,67955.47265625,66.25314438098590,45.51809804345250,-508.0220358979160,3916.171201601390,2017398544346,Bull,FALSE,Bull,
2024-12-08 00:00:00+00:00,101236.015625,101399.9921875,98771.515625,99921.9140625,44125751925,68116.0410546875,68.11903685726330,45.96183330394100,-383.11059493902400,3824.1930130941500,2061524296271,Bull,FALSE,Bull,
2024-12-09 00:00:00+00:00,97432.71875,101272.5078125,94355.9140625,101237.0625,110676473908,68263.5568359375,58.09626868574510,44.26102312225490,-568.6433269872260,4045.078780015990,1950847822363,Bull,FALSE,Ranging,
2024-12-10 00:00:00+00:00,96675.4296875,98270.15625,94321.2578125,97441.234375,104823780634,68404.3034765625,56.31936821737250,42.66734605262460,-743.3453642499090,4038.2087555505600,1846024041729,Bull,FALSE,Ranging,
2024-12-11 00:00:00+00:00,101173.03125,101913.359375,95747.2265625,96656.0625,85391409936,68563.83890625,63.46620174424220,42.06278299754230,-565.051684618451,4190.203331046950,1931415451665,Bull,FALSE,Bull,
2024-12-12 00:00:00+00:00,100043.0,102524.9140625,99339.953125,101167.8046875,72073983533,68721.4634375,60.77560742531990,41.63110806740190,-532.7080894337420,4118.400302936460,1859341468132,Bull,FALSE,Bull,
2024-12-13 00:00:00+00:00,101459.2578125,101888.8046875,99233.28125,100046.6484375,56894751583,68881.786953125,62.89852640806860,41.18015893543960,-429.8263154973050,4013.9090982624200,1916236219715,Bull,FALSE,Bull,
2024-12-14 00:00:00+00:00,101372.96875,102618.8828125,100634.0546875,101451.4375,40422968793,69047.170703125,62.67595147851070,40.93061765990850,-383.03518048579100,3868.974743029390,1875813250922,Bull,FALSE,Bull,
2024-12-15 00:00:00+00:00,104298.6953125,105047.5390625,101227.03125,101373.53125,51145914137,69230.7737109375,66.94678070614540,41.21511972654550,-180.76062468597600,3865.512819420150,1926959165059,Bull,FALSE,Bull,
2024-12-16 00:00:00+00:00,106029.71875,107780.578125,103322.984375,104293.578125,91020417816,69419.09734375,69.19287762165520,41.96419198862300,32.533188226263100,3907.80431446157,2017979582875,Bull,FALSE,Bull,
2024-12-17 00:00:00+00:00,106140.6015625,108268.4453125,105291.734375,106030.6875,68589364868,69612.34328125,69.33661864720080,42.739595435127200,138.08470443355100,3841.2976446786000,2086568947743,Bull,FALSE,Bull,
2024-12-18 00:00:00+00:00,100041.5390625,106470.609375,100041.5390625,106147.296875,93865656139,69774.0162890625,54.32268839178440,41.151148900164200,-226.04667376613000,4026.1385495229900,1992703291604,Bull,FALSE,Ranging,
2024-12-19 00:00:00+00:00,97490.953125,102748.1484375,95587.6796875,100070.6875,97221662392,69922.713046875,49.49585684012760,38.28247304158570,-638.5071319420090,4250.019278128490,1895481629212,Bull,FALSE,Ranging,
2024-12-20 00:00:00+00:00,97755.9296875,98098.9140625,92175.1796875,97484.6953125,105634083408,70067.4687890625,49.99298005779910,36.3274976121214,-878.4995543879110,4369.570356476450,2001115712620,Bull,FALSE,Ranging,
2024-12-21 00:00:00+00:00,97224.7265625,99507.1015625,96426.5234375,97756.1953125,51765334294,70200.75359375,48.95269704530660,34.11787260954630,-1046.6196033947500,4277.499482799560,1949350378326,Bull,FALSE,Ranging,
2024-12-22 00:00:00+00:00,95104.9375,97360.265625,94202.1875,97218.3203125,43147981314,70320.8641796875,44.93443312996470,32.59353785574740,-1259.87269587442,4197.540814385310,1906202397012,Bull,FALSE,Ranging,
2024-12-23 00:00:00+00:00,94686.2421875,96416.2109375,92403.1328125,95099.390625,65239002919,70440.5095703125,44.163327705373500,31.574689053715000,-1378.803892358930,4184.3649080006400,1840963394093,Bull,FALSE,Ranging,
2024-12-24 00:00:00+00:00,98676.09375,99404.0625,93448.015625,94684.34375,47114953674,70587.177109375,52.52417570733440,29.764658574774600,-1147.8956465410500,4310.913619929170,1888078347767,Bull,FALSE,Ranging,
2024-12-25 00:00:00+00:00,99299.1953125,99478.75,97593.46875,98675.9140625,33700394629,70737.14421875,53.69041710905840,28.06309299594520,-922.0612408920800,4137.654164934230,1921778742396,Bull,FALSE,Ranging,
2024-12-26 00:00:00+00:00,95795.515625,99884.5703125,95137.8828125,99297.6953125,47054980873,70867.8818359375,46.73799325468100,27.078033331257500,-972.5056070618860,4181.156546010360,1874723761523,Bull,FALSE,Ranging,
2024-12-27 00:00:00+00:00,94164.859375,97294.84375,93310.7421875,95704.9765625,52419934565,70991.1447265625,43.88945313835860,26.569075335353900,-1071.7232609153400,4167.081190045330,1822303826958,Bull,FALSE,Ranging,
2024-12-28 00:00:00+00:00,95163.9296875,95525.8984375,94014.2890625,94160.1875,24107436185,71130.30421875,46.058618503824400,26.096471482014900,-1026.0442334319300,3977.4046318278100,1846411263143,Bull,FALSE,Ranging,
2024-12-29 00:00:00+00:00,93530.2265625,95174.875,92881.7890625,95174.0546875,29635885267,71256.7494140625,43.12287798593270,25.91758177829930,-1057.6202310905300,3857.0961536615300,1816775377876,Bull,FALSE,Ranging,
2024-12-30 00:00:00+00:00,92643.2109375,94903.3203125,91317.1328125,93527.1953125,56188003691,71386.1834765625,41.57346980003330,26.0972742962775,-1085.9005335623600,3837.745535542850,1760587374185,Bull,FALSE,Ranging,
2024-12-31 00:00:00+00:00,93429.203125,96090.6015625,91914.03125,92643.25,43625106843,71523.2740234375,43.51033221525120,25.812520240560900,-1001.3902208392700,3861.947305325510,1804212481028,Bull,FALSE,Ranging,
2025-01-01 00:00:00+00:00,94419.7578125,94929.8671875,92788.125,93425.1015625,24519888919,71664.4178125,45.942478633672600,25.54810576025260,-835.27803414054,3739.0755111951100,1828732369947,Bull,FALSE,Ranging,
2025-01-02 00:00:00+00:00,96886.875,97739.8203125,94201.5703125,94416.2890625,46009564411,71815.656953125,51.538894944577300,24.26430180297580,-530.5927122090550,3724.730831824030,1874741934358,Bull,FALSE,Ranging,
2025-01-03 00:00:00+00:00,98107.4296875,98956.9140625,96034.6171875,96881.7265625,35611391163,71973.7426171875,54.072167855544700,22.66798486446710,-233.36792019941300,3667.4141206223200,1910353325521,Bull,FALSE,Ranging,
2025-01-04 00:00:00+00:00,98236.2265625,98734.4296875,97562.9765625,98106.9921875,22342608078,72139.22001953130,54.3433899682462,21.185690564423300,-25.541798900955500,3489.13119236358,1932695933599,Bull,FALSE,Ranging,
2025-01-05 00:00:00+00:00,98314.9609375,98813.3046875,97291.765625,98233.90625,20525254825,72305.99333984380,54.52020183870880,19.903243868272000,112.21972197235100,3348.588897373320,1953221188424,Bull,FALSE,Ranging,
2025-01-06 00:00:00+00:00,102078.0859375,102482.875,97926.1484375,98314.953125,51823432705,72492.24048828130,62.079054165157500,19.456262049857300,433.71785294485000,3434.8844448823700,2005044621129,Bull,FALSE,Ranging,
2025-01-07 00:00:00+00:00,96922.703125,102712.484375,96132.875,102248.8515625,58685738547,72656.3730078125,49.85437281921450,18.39811092411650,283.3782042295380,3659.507654176490,1946358882582,Bull,FALSE,Ranging,
2025-01-08 00:00:00+00:00,95043.5234375,97258.3203125,92525.84375,96924.1640625,63875859171,72810.327734375,46.2771106857381,17.84718125182930,53.614582413530300,3736.148290485310,1882483023411,Bull,FALSE,Ranging,
2025-01-09 00:00:00+00:00,92484.0390625,95349.71875,91220.84375,95043.484375,62777261693,72956.8439453125,41.870317960435200,17.680029039555100,-257.42351264085200,3764.200198307790,1819705761718,Bull,FALSE,Ranging,
2025-01-10 00:00:00+00:00,94701.453125,95770.609375,92250.09375,92494.4921875,62058693684,73128.964140625,46.61347033835330,17.37295232058680,-297.66052323178700,3746.7941573572300,1881764455402,Bull,FALSE,Ranging,
2025-01-11 00:00:00+00:00,94566.59375,94977.6875,93840.046875,94700.8359375,18860894100,73292.77390625,46.36567975997540,17.08780965297340,-315.49353668477100,3560.4260479031400,1862903561302,Bull,FALSE,Ranging,
2025-01-12 00:00:00+00:00,94488.4375,95367.5390625,93712.5078125,94565.7265625,20885130965,73461.15970703130,46.21235978054060,16.666004483870600,-314.01158817983800,3424.3264194814900,1842018430337,Bull,FALSE,Ranging,
2025-01-13 00:00:00+00:00,94516.5234375,95837.0,89260.1015625,94488.890625,72978998252,73625.7183203125,46.2811044599652,17.495936454126000,-293.00525776949700,3649.5101350542400,1914997428589,Bull,FALSE,Ranging,
2025-01-14 00:00:00+00:00,96534.046875,97352.6640625,94322.15625,94519.0078125,53769675818,73806.78787109380,51.11448654218890,17.662390578843700,-133.2335377698490,3605.2956834432300,1968767104407,Bull,FALSE,Ranging,
2025-01-15 00:00:00+00:00,100504.4921875,100697.234375,96501.640625,96534.046875,57805923627,74004.8734375,58.943564348545200,16.657488697019300,230.07272038329300,3647.4598310544200,2026573028034,Bull,FALSE,Ranging,
2025-01-16 00:00:00+00:00,99756.90625,100781.5859375,97364.4453125,100505.296875,54103781805,74190.26650390630,57.0896304389427,15.697239745901400,400.2872550818590,3631.008459193390,1972469246229,Bull,FALSE,Ranging,
2025-01-17 00:00:00+00:00,104462.0390625,105884.2265625,99948.90625,100025.765625,71888972663,74398.316796875,64.62993887153430,15.767675133955000,787.6201476079890,3809.3164487152900,2044358218892,Bull,FALSE,Ranging,
2025-01-18 00:00:00+00:00,104408.0703125,104913.203125,102226.6171875,104124.953125,50445655726,74610.2120703125,64.48995625915530,15.833079422861900,985.2241010500600,3729.1214121999200,1993912563166,Bull,FALSE,Ranging,
2025-01-19 00:00:00+00:00,101089.609375,106299.796875,99570.53125,104411.2890625,76789928525,74814.7905078125,56.40077683218620,15.02496719867900,842.9731153962210,3943.417427399920,1917122634641,Bull,FALSE,Ranging,
2025-01-20 00:00:00+00:00,102016.6640625,109114.8828125,99471.359375,101083.75,126279678351,75039.9853125,57.98624389420670,14.99977694971100,764.1822523709050,4350.5678566927800,2043402312992,Bull,FALSE,Ranging,
2025-01-21 00:00:00+00:00,106146.265625,107180.921875,100103.953125,102052.578125,88733878242,75287.404765625,64.22680552989600,14.976386004240700,931.9346459155020,4545.3107776433,2132136191234,Bull,FALSE,Ranging,
2025-01-22 00:00:00+00:00,103653.0703125,106294.34375,103360.265625,106136.3828125,53878181052,75514.152421875,58.570368497799200,14.954665840589700,820.6462266037910,4430.222731025920,2078258010182,Bull,FALSE,Ranging,
2025-01-23 00:00:00+00:00,103960.171875,106820.328125,101257.8046875,103657.671875,104104515428,75754.707734375,59.04878247686610,14.19536913681540,717.1323403566420,4511.101352916930,2182362525610,Bull,FALSE,Ranging,
2025-01-24 00:00:00+00:00,104819.484375,107098.546875,102772.125,103965.671875,52388229265,75995.27966796880,60.42585899892470,13.577075120252800,657.5240720834640,4497.909961637150,2234750754875,Bull,FALSE,Ranging,
2025-01-25 00:00:00+00:00,104714.6484375,105243.7890625,104120.375,104824.03125,23888996502,76228.80677734380,60.16006614639660,13.002944962016000,565.5314272656640,4256.874540270210,2210861758373,Bull,FALSE,Ranging,
2025-01-26 00:00:00+00:00,102682.5,105438.6484375,102507.7109375,104713.2109375,22543395879,76453.506796875,55.10057837622060,12.271325913602000,333.77774735673700,4162.164751679480,2188318362494,Bull,FALSE,Ranging,
2025-01-27 00:00:00+00:00,102087.6875,103214.109375,97795.9375,102680.3046875,89006608428,76677.2206640625,53.677592413098500,12.969687881610100,117.5401437794180,4251.879546202370,2099311754066,Bull,FALSE,Ranging,
2025-01-28 00:00:00+00:00,101332.4765625,103730.8203125,100238.1875,102095.4140625,47180685494,76894.38572265630,51.846799270876800,13.418621460639300,-88.14090257924070,4197.647636652200,2052131068572,Bull,FALSE,Ranging,
2025-01-29 00:00:00+00:00,103703.2109375,104750.8046875,101283.8203125,101317.5234375,47432049818,77116.74201171870,56.82505652763820,13.440229712374200,-76.73174505422570,4145.4574036770500,2099563118390,Bull,FALSE,Ranging,
2025-01-30 00:00:00+00:00,104735.3046875,106418.765625,103321.6484375,103709.3359375,41915744521,77336.4795703125,58.821002931513800,12.846659175176800,-15.106770571979700,4070.5759596644000,2141478862911,Bull,FALSE,Ranging,
2025-01-31 00:00:00+00:00,102405.0234375,106026.3515625,101543.8828125,104737.5625,45732764360,77524.15392578130,52.87726124851780,12.836186703318200,-139.78246384876800,4099.9968732598,2095746098551,Bull,FALSE,Ranging,
2025-02-01 00:00:00+00:00,100655.90625,102755.7265625,100297.7109375,102402.796875,27757944848,77701.94771484370,48.884325018237200,13.18072784048670,-337.28497530110400,3982.7124983841,2067988153703,Bull,FALSE,Ranging,
2025-02-02 00:00:00+00:00,97688.9765625,101430.6640625,96216.078125,100661.5390625,63091816853,77869.7986328125,42.9585391273481,14.482506490304100,-647.0297255216930,4070.7034583209500,2004896336850,Bull,FALSE,Ranging,
2025-02-03 00:00:00+00:00,101405.421875,102514.171875,91242.890625,97681.1015625,115400897748,78056.95541015630,50.97526071273210,16.571709175452200,-582.8963143307070,4585.030443440880,2120297234598,Bull,FALSE,Ranging,
2025-02-04 00:00:00+00:00,97871.8203125,101745.6171875,96208.109375,101398.71875,73002130211,78212.76373046880,44.56243301792580,18.51168309737540,-749.1378097035590,4653.064541230820,2047295104387,Bull,FALSE,Ranging,
2025-02-05 00:00:00+00:00,96615.4453125,99113.2109375,96174.828125,97878.0078125,49125911241,78360.02271484380,42.51450974284170,20.318684914239200,-904.0244637129330,4530.587274892900,1998169193146,Bull,FALSE,Ranging,
2025-02-06 00:00:00+00:00,96593.296875,99168.609375,95707.3515625,96610.640625,45302471947,78502.21658203130,42.47744920585950,22.079423987265200,-962.8487983356670,4454.206599007700,1952866721199,Bull,FALSE,Ranging,
2025-02-07 00:00:00+00:00,96529.0859375,100154.140625,95653.8828125,96581.3203125,55741290456,78646.93576171880,42.36215613961060,23.25105098026490,-958.8692666883630,4457.495971400000,1897125430743,Bull,FALSE,Ranging,
2025-02-08 00:00:00+00:00,96482.453125,96877.8046875,95702.4921875,96533.2578125,22447526395,78799.70966796880,42.27241963495090,24.338990330907500,-912.426850110995,4223.054294871430,1874677904348,Bull,FALSE,Ranging,
2025-02-09 00:00:00+00:00,96500.09375,97325.28125,94745.2578125,96481.3125,27732901800,78955.34947265630,42.32219413031640,25.560077909312200,-835.6227221385380,4105.69494791633,1902410806148,Bull,FALSE,Ranging,
2025-02-10 00:00:00+00:00,97437.5546875,98333.21875,95320.84375,96499.4609375,40078962391,79113.65111328120,45.03449360842080,26.172591035840000,-683.2093242802220,4027.6006659223100,1942489768539,Bull,FALSE,Ranging,
2025-02-11 00:00:00+00:00,95747.4296875,98492.8984375,94875.0390625,97438.1328125,37488783272,79252.82794921870,41.266764600582300,26.85422373124350,-657.5244867816680,3998.3334308564300,1905000985267,Bull,FALSE,Ranging,
2025-02-12 00:00:00+00:00,97885.859375,98151.0234375,94101.203125,95745.6953125,49340445530,79403.19056640630,47.27704770172540,27.684260782909200,-466.789050136951,4002.01106525954,1954341430797,Bull,FALSE,Ranging,
2025-02-13 00:00:00+00:00,96623.8671875,98111.0859375,95269.7109375,97888.75,37147280860,79545.03056640630,44.39007138039800,28.455009473741700,-398.5448356631650,3919.1084891695700,1917194149937,Bull,FALSE,Ranging,
2025-02-14 00:00:00+00:00,97508.96875,98819.46875,96342.8046875,96623.3671875,32697987277,79698.47583984380,46.84186404517770,28.73961346369080,-272.72234926742700,3816.0767444074600,1949892137214,Bull,FALSE,Ranging,
2025-02-15 00:00:00+00:00,97580.3515625,97975.0390625,97240.1953125,97508.3828125,17047266288,79855.37251953120,47.04464470004020,29.003888597214900,-168.71478038574800,3595.988673378360,1966939403502,Bull,FALSE,Ranging,
2025-02-16 00:00:00+00:00,96175.03125,97725.59375,96060.9765625,97580.4921875,16536755396,80013.15142578130,43.524526965677500,29.62382892188890,-177.68783627958900,3458.0335672441900,1950402648106,Bull,FALSE,Ranging,
2025-02-17 00:00:00+00:00,95773.3828125,97032.234375,95243.546875,96179.0078125,27336550690,80165.23083984380,42.54470327265460,30.443265172752600,-192.54759574364200,3338.7945624410300,1923066097416,Bull,FALSE,Ranging,
2025-02-18 00:00:00+00:00,95539.546875,96695.375,93388.8359375,95773.8125,37325720482,80335.8532421875,41.952566179880800,31.70076066974450,-199.16979718693700,3336.4905981595300,1885740376934,Bull,FALSE,Ranging,
2025-02-19 00:00:00+00:00,96635.609375,96855.59375,95011.96875,95532.53125,28990872862,80515.6308203125,45.76305533449420,32.75358388907150,-114.95675045680900,3229.8573411481300,1914731249796,Bull,FALSE,Ranging,
2025-02-20 00:00:00+00:00,98333.9375,98767.1953125,96442.671875,96632.6796875,31668022771,80716.715625,51.117584948516900,32.45026691929040,60.47267786500940,3165.1906337447000,1946399272567,Bull,FALSE,Ranging,
2025-02-21 00:00:00+00:00,96125.546875,99497.96875,94852.9609375,98340.671875,49608706470,80927.38607421880,44.908926629724200,32.67332398986650,34.42297321463870,3270.8918607986500,1896790566097,Bull,FALSE,Ranging,
2025-02-22 00:00:00+00:00,96577.7578125,96950.15625,95765.34375,96134.203125,18353824477,81130.10328125,46.346001439266800,32.8804484125443,53.17053902898120,3121.886192170170,1915144390574,Bull,FALSE,Ranging,
2025-02-23 00:00:00+00:00,96273.921875,96671.875,95270.453125,96577.8046875,16999478976,81336.3355859375,45.48743801887110,33.23133285125670,50.64305601148700,2998.9958838008700,1898144911598,Bull,FALSE,Ranging,
2025-02-24 00:00:00+00:00,91418.171875,96503.453125,91371.7421875,96277.9609375,44046480529,81484.87576171880,34.49069804479860,34.562194246580600,-255.6946677475660,3151.3326733508100,1854098431069,Bull,FALSE,Bear,
2025-02-25 00:00:00+00:00,88736.171875,92511.078125,86008.234375,91437.1171875,92139104128,81624.1560546875,30.15447695812160,36.6610023072008,-597.0896083493030,3390.7263216829000,1761959326941,Bull,FALSE,Bear,
2025-02-26 00:00:00+00:00,84347.0234375,89286.25,82131.8984375,88638.890625,64597492134,81741.162109375,24.684969627940700,39.03077627517390,-1050.14658345712,3659.5566960269800,1697361834807,Bull,FALSE,Bear,
2025-02-27 00:00:00+00:00,84704.2265625,87000.78125,83144.9609375,84076.859375,52659591954,81871.0858203125,25.863519695164400,41.23128067400600,-1244.1465984013800,3673.575525775050,1750021426761,Bull,FALSE,Bear,
2025-02-28 00:00:00+00:00,84373.0078125,85036.3203125,78248.9140625,84705.625,83610570576,81996.17828125,25.46559169398180,43.69075125726700,-1306.7027421499700,3895.992006076830,1666410856185,Bull,FALSE,Bear,
2025-03-01 00:00:00+00:00,86031.9140625,86522.3046875,83794.234375,84373.8671875,29190628396,82123.29001953130,31.17698637114790,45.229418788504100,-1153.6097494263700,3812.5690279642000,1695601484581,Bull,FALSE,Bear,
2025-03-02 00:00:00+00:00,94248.3515625,95043.4375,85040.2109375,86036.2578125,58398341092,82300.8454296875,51.145193007936200,43.491328649846400,-452.2618086762540,4254.758851859620,1753999825673,Bull,FALSE,Ranging,
2025-03-03 00:00:00+00:00,86065.671875,94429.75,85081.3046875,94248.421875,70072228536,82443.37330078130,39.00720108746510,41.877387806807200,-489.56665737633700,4618.593599048210,1683927597137,Bull,FALSE,Bear,
2025-03-04 00:00:00+00:00,87222.1953125,88911.2734375,81529.2421875,86064.0703125,68095241474,82585.01375,41.13363935757120,41.02753024457640,-390.7672358116540,4815.982002687630,1752022838611,Bull,FALSE,Ranging,
2025-03-05 00:00:00+00:00,90623.5625,90998.2421875,86379.7734375,87222.953125,50498988027,82740.73669921880,46.98742577820480,39.60952385357910,-67.68820202443700,4801.873913209940,1802521826638,Bull,FALSE,Ranging,
2025-03-06 00:00:00+00:00,89961.7265625,92804.9375,87852.140625,90622.359375,47749810486,82898.1255078125,46.028298769874500,37.778701554556300,119.87875492201500,4812.654124766370,1754772016152,Bull,FALSE,Ranging,
2025-03-07 00:00:00+00:00,86742.671875,91191.046875,84717.6796875,89963.28125,65945677657,83034.3716015625,41.582333944318400,36.69241787698710,49.20784315986160,4931.276486390200,1688826338495,Bull,FALSE,Ranging,
2025-03-08 00:00:00+00:00,86154.59375,86847.265625,85247.484375,86742.65625,18206118081,83170.08060546880,40.80686276794100,35.68372589067290,-11.826252687758800,4693.312540933760,1670620220414,Bull,FALSE,Ranging,
2025-03-09 00:00:00+00:00,80601.0390625,86471.1328125,80052.484375,86154.3046875,30899345977,83267.20984375,34.301259483034500,35.63794877118320,-380.478830395924,4816.550819259920,1639720874437,Bear,FALSE,Bear,
2025-03-10 00:00:00+00:00,78532.0,83955.9296875,77420.59375,80597.1484375,54061099422,83357.9602734375,32.23911183095180,35.97025815940740,-699.3745007399380,4939.321184848500,1585659775015,Bear,FALSE,Bear,
2025-03-11 00:00:00+00:00,82862.2109375,83577.7578125,76624.25,78523.875,54702837196,83451.79955078120,40.32499072359090,36.38821931907450,-560.3872663687300,5083.191658252170,1640362612211,Bear,FALSE,Ranging,
2025-03-12 00:00:00+00:00,83722.359375,84358.578125,80635.25,82857.375,40353484454,83549.51638671880,41.81038805374280,36.50921134975070,-361.8678845957690,4986.058548734160,1680716096665,Bear,FALSE,Ranging,
2025-03-13 00:00:00+00:00,81066.703125,84301.6953125,79931.8515625,83724.921875,31412940153,83633.1821875,38.61455342708290,36.73187653658910,-359.9872916791180,4942.043205967440,1649303156512,Bear,FALSE,Bear,
2025-03-14 00:00:00+00:00,83969.1015625,85263.2890625,80797.5625,81066.9921875,29588112414,83738.62439453130,43.68122929920020,36.58537191781160,-125.9321164966880,4908.020588576900,1678891268926,Bear,FALSE,Ranging,
2025-03-15 00:00:00+00:00,84343.109375,84672.671875,83639.59375,83968.40625,13650491277,83862.81927734380,44.31901232816630,36.449331914661000,80.30707170087410,4631.238984035700,1692541760203,Bear,FALSE,Ranging,
2025-03-16 00:00:00+00:00,82883.859375,84408.8828125,82408.6484375,84354.53125,13652920320,83982.10044921880,42.305960028810600,36.556103641736600,141.12307227204500,4443.310083390290,1678888839883,Bear,FALSE,Ranging,
2025-03-17 00:00:00+00:00,84075.6875,84725.328125,82492.15625,82576.3359375,25092785558.0,,44.522376141271400,36.52084695351970,276.4654128941310,4285.443019396470,521394203900.0,Ranging,,Ranging,FALSE