date,close,Market_State,MA200,ADX,BB_Width,Price_StdDev,Misclassification
2022-10-02,19056.8,Ranging,28041.34035000001,19.903518160267225,0.09512915719831289,464.9880921786277,
2022-10-03,19629.08,Bear,27934.89625000001,18.512349993798182,0.08570894419510663,431.523345729709,
2022-10-04,20337.82,Bear,27827.79780000001,18.277181624946056,0.08506651994281283,443.7529687770507,
2022-10-05,20158.26,Bear,27717.583450000013,18.058810996726226,0.09138959712584119,472.52850398515227,
2022-10-06,19960.67,Bear,27611.07625000001,17.979095200702485,0.09394144556063116,480.96177261626815,
2022-10-07,19530.09,Bear,27503.715450000007,16.956044974390917,0.09028468277987627,452.26869418233383,
2022-10-08,19417.96,Bear,27388.98460000001,15.867865618778067,0.09080793686050749,452.2781601992107,
2022-10-09,19439.02,Bear,27271.76590000001,14.857413359994707,0.09043684000888096,450.9183941614967,
2022-10-10,19131.87,Bear,27147.46795000001,14.19441873174665,0.08960272618677007,439.700389792238,
2022-10-11,19060.0,Bear,27021.20215000001,13.849726441202808,0.0801165229174106,391.6726035220766,
2022-10-12,19155.53,Bear,26894.423450000013,13.529655028554957,0.08055098682706556,395.7703399996596,
2022-10-13,19375.13,Bear,26757.16030000001,14.423965882691439,0.07948599580645459,395.0148755203954,
2022-10-14,19176.93,Bear,26617.43390000001,14.348169463431931,0.07777428038928759,382.5544784437812,
2022-10-15,19069.39,Bear,26475.60685000001,14.420187460392953,0.07457427137838574,364.7573280448159,
2022-10-16,19262.98,Bear,26336.58180000001,14.082846187704247,0.07363702746262898,363.8295159148231,
2022-10-17,19549.86,Bear,26206.779400000014,13.277931302983083,0.07082192354307891,355.13181083488837,
2022-10-18,19327.44,Bear,26071.999150000014,12.642674120073442,0.07184135665115761,356.14517478207,
2022-10-19,19123.97,Bear,25938.564000000013,12.10118650845277,0.07370685477181473,361.5464812303185,
2022-10-20,19041.92,Bear,25801.736850000016,11.924979511006006,0.0760729361963564,371.55158762351107,
2022-10-21,19164.37,Bear,25664.656150000017,12.229102541473328,0.07627839121386541,374.950794209298,
2022-10-22,19204.35,Bear,25533.190150000017,12.493408247053937,0.07496903888505049,369.2833794847929,
2022-10-23,19570.4,Bear,25415.18980000002,11.678069448935442,0.07324056194320892,367.64577222836897,
2022-10-24,19329.72,Bear,25294.617450000016,10.92096913639684,0.05941181109709817,294.5618919872001,
2022-10-25,20080.07,Bear,25183.75775000002,11.627070740821738,0.05506732332778802,283.6203545554946,
2022-10-26,20771.59,Bear,25073.84585000002,13.116602027628929,0.07637301820218237,406.90019842485174,
2022-10-27,20295.11,Bear,24964.527150000024,14.499738222521321,0.08722794276671435,454.0725470604586,
2022-10-28,20591.84,Bear,24869.834100000022,15.277401101432398,0.09909153492606994,523.3713158323415,
2022-10-29,20809.67,Bear,24773.50775000002,16.469118688113237,0.11257653370570153,600.8848738586516,
2022-10-30,20627.48,Bear,24670.90620000002,17.472697303750653,0.120483364190957,637.4578392814202,
2022-10-31,20490.74,Bear,24573.648000000023,17.68541565799829,0.12373976203477423,650.3469760983618,
2022-11-01,20483.62,Bear,24473.30660000002,17.88293984408538,0.1255186246664228,659.4670308095434,
2022-11-02,20151.84,Bear,24372.172250000018,17.346629620133825,0.1273058856178586,658.0234863063836,
2022-11-03,20207.82,Bear,24274.82075000002,16.80664404415019,0.12471329145001141,646.4134914714675,
2022-11-04,21148.52,Bear,24176.55770000002,17.8308564231975,0.125230310545659,679.3094307450959,
2022-11-05,21299.37,Bear,24075.58865000002,19.01660694990357,0.13187254963112402,720.4425701605147,
2022-11-06,20905.58,Bear,23973.32560000002,19.60869338255885,0.13674285926710503,733.2382018922804,
2022-11-07,20591.13,Bear,23873.881200000018,18.99246690834161,0.13528955746089086,714.5336114552092,
2022-11-08,18547.23,Bear,23768.071450000025,20.576808848076592,0.16175920252586784,769.5312498987961,
2022-11-09,15922.81,Bear,23650.477500000023,22.883776291314454,0.29459177648899454,1203.1465727746927,
2022-11-10,17601.15,Bear,23541.232600000025,25.025960345749613,0.2895550031608139,1307.2249356015345,
2022-11-11,17070.31,Bear,23424.453750000022,27.015131253439403,0.3309622223224779,1449.098937935504,
2022-11-12,16812.08,Bear,23317.95090000002,28.862218524865636,0.37061685745640977,1598.1768047218902,
2022-11-13,16329.85,Bear,23203.42155000002,30.792245215413693,0.4215042883402246,1765.4783612572692,
2022-11-14,16619.46,Bear,23087.80850000002,32.7924734206325,0.43999001935628596,1875.590134664855,
2022-11-15,16900.57,Bear,22979.330800000018,34.649828182621384,0.4433403647088063,1921.8382481770789,
2022-11-16,16662.76,Bear,22874.49060000002,36.4535461951197,0.4634351689014008,1980.6791653189862,
2022-11-17,16692.56,Bear,22765.61165000002,38.128427206725284,0.4685951192922029,2006.31404228285,
2022-11-18,16700.45,Bear,22656.48810000002,39.09540074920621,0.46675879233490053,1999.3963137229002,
2022-11-19,16700.68,Bear,22551.346750000015,39.993304752938506,0.4625349279899022,1981.330360504033,
2022-11-20,16280.23,Bear,22434.29790000002,41.09993433957782,0.4718259497581026,1970.246501128474,
2022-11-21,15781.29,Bear,22330.439500000022,42.5670640589855,0.4846092668108023,1961.6088904919748,
2022-11-22,16226.94,Bear,22231.505350000025,43.929398798435486,0.4625859870332102,1925.3394477404706,
2022-11-23,16603.11,Bear,22137.158950000026,44.25039825114165,0.43451203321184506,1850.4163596062583,
2022-11-24,16598.95,Bear,22049.96170000003,44.2998585170184,0.38915398604313917,1656.8389893422154,
2022-11-25,16522.14,Bear,21982.190850000028,44.450268826623464,0.32494843008794416,1377.0792900626818,
2022-11-26,16458.57,Bear,21909.398200000032,44.49731889654703,0.24904576548801646,1051.3551993310036,
2022-11-27,16428.78,Bear,21846.02240000003,44.54100824719034,0.1396084653039005,588.2951567149669,
2022-11-28,16212.91,Bear,21781.93820000003,44.988463695589815,0.09558819904322964,397.5057883982075,
2022-11-29,16442.53,Bear,21717.715600000032,45.22403157196392,0.08771880738449944,369.94704898998117,
2022-11-30,17163.64,Bear,21653.10010000003,43.64619546847581,0.07165423237162236,315.44921473707626,
2022-12-01,16977.37,Bear,21581.34250000003,42.012298788926934,0.07076234897882253,308.1419742198924,
2022-12-02,17092.74,Bear,21517.436150000034,40.59792262593195,0.07442338027416501,326.28663434136655,
2022-12-03,16885.2,Bear,21449.637500000037,39.077877565058245,0.0758301418896707,328.4174946516047,
2022-12-04,17105.7,Bear,21391.589400000037,37.63037846727054,0.0792166829077721,347.56473895039636,
2022-12-05,16966.35,Bear,21324.825000000033,35.710913952776274,0.080573675445264,350.63866386108737,
2022-12-06,17088.96,Bear,21264.264750000035,33.92855404646017,0.0834257263059194,365.6737921679629,
2022-12-07,16836.64,Bear,21201.222650000032,32.7500765651089,0.08522423567411075,368.04146177838714,
2022-12-08,17224.1,Bear,21135.87345000003,31.214884414844622,0.08817414121318905,389.54351860434724,
2022-12-09,17128.56,Bear,21075.970500000025,29.618103965126572,0.09156712108804362,402.28942770927364,
2022-12-10,17127.49,Bear,21013.335050000027,28.13537926181695,0.09110340711676686,400.2271514005925,
2022-12-11,17085.05,Bear,20951.049550000025,26.623121920444596,0.0767447240302183,336.312484113901,
2022-12-12,17209.83,Bear,20891.091950000027,25.747023982258984,0.07207063418993853,318.1362298542277,
2022-12-13,17774.7,Bear,20836.816450000028,24.88972926480516,0.08160421357402105,372.0429414297533,
2022-12-14,17803.15,Bear,20780.67555000003,24.828533685815792,0.09046912645279763,413.1192707150353,
2022-12-15,17356.34,Bear,20720.116750000027,23.76905183185421,0.0913948572407223,406.872290624745,
2022-12-16,16632.12,Bear,20644.606250000026,22.86047874301853,0.09282809583368502,396.00918380574205,
2022-12-17,16776.52,Bear,20569.483650000024,22.01680373195683,0.08725299551617467,375.4571945810867,
2022-12-18,16738.21,Bear,20504.145550000027,21.08011713130933,0.07682330192594795,329.8224305984319,
2022-12-19,16438.88,Bear,20434.076850000023,20.945664912032793,0.0783091240955894,330.18914947315375,
2022-12-20,16895.56,Bear,20370.053600000025,20.238728143827274,0.0765296868081691,331.650558510507,
2022-12-21,16824.67,Bear,20304.856750000024,19.582286859065004,0.07770285880777475,335.32177638534927,
2022-12-22,16821.43,Bear,20239.367850000024,19.291041637045904,0.07855882996260911,338.95038008311724,
2022-12-23,16778.5,Bear,20166.394850000026,18.790855465421682,0.0795316242065064,342.27185614818137,
2022-12-24,16836.12,Bear,20094.948800000024,18.326396877484903,0.07976646922455251,344.46141991377857,
2022-12-25,16832.11,Bear,20028.085500000023,18.02239657465606,0.08032794693664176,346.80346970668506,
2022-12-26,16919.39,Bear,19962.132800000025,17.47181411087639,0.07992562206631884,346.855777115255,
2022-12-27,16706.36,Bear,19900.205200000022,17.44262008831277,0.08198629092329125,351.3187112555031,
2022-12-28,16547.31,Bear,19840.818250000022,17.707429385079916,0.08496298106069017,360.6079948971661,
2022-12-29,16633.47,Bear,19791.112950000024,17.95332373207798,0.08567057036854865,365.5044960689947,
2022-12-30,16607.48,Bear,19761.713300000025,18.550783707144717,0.0867899796099929,369.7017705487943,
2022-12-31,16542.4,Bear,19733.74325000002,19.10556796970669,0.08863989973831637,376.10229208822835,
2023-01-01,16616.75,Bear,19703.908400000022,19.620724784942805,0.08737462388284527,372.3999476260896,
2023-01-02,16672.87,Bear,19685.266200000024,19.35484283743651,0.07115956941473135,304.3139641979359,
2023-01-03,16675.18,Bear,19666.298050000023,19.107952457609237,0.04496952603569672,192.33886410329947,
2023-01-04,16850.36,Bear,19655.69590000002,17.996589825129995,0.030260991615980722,130.7887969784653,
2023-01-05,16831.85,Bear,19636.985150000022,16.96461023782784,0.03047445343073474,131.56670050854657,
2023-01-06,16950.65,Bear,19618.868950000022,16.13059592253001,0.03230600206319398,140.45842010068017,
2023-01-07,16943.57,Bear,19599.96920000002,15.356154058324877,0.03404040751844318,147.93736464186108,
2023-01-08,17127.83,Bear,19585.66840000002,15.360765858409811,0.034765979866231006,152.73375324251953,
2023-01-09,17178.26,Bear,19566.00905000002,16.064782632927862,0.03979303044876495,175.3332939697513,
2023-01-10,17440.66,Bear,19547.02390000002,17.00344166268349,0.0508030237945382,227.2640197477682,
2023-01-11,17943.26,Bear,19529.28425000002,19.003372542077752,0.07338750723582108,337.7549265191627,
2023-01-12,18846.62,Bear,19518.32700000002,22.23091591294053,0.11433213314873861,552.6879379565825,
2023-01-13,19930.01,Bull,19514.26425000002,25.81361221874599,0.1677717612207217,857.6391274302227,
2023-01-14,20954.92,Bull,19517.632400000017,29.653151367008146,0.22418245957172647,1204.9411682294983,
2023-01-15,20871.5,Bull,19521.37485000002,33.21843771896586,0.26780248325170614,1433.6609893094271,
2023-01-16,21185.65,Bull,19527.59205000002,36.663499802325695,0.30035444067358447,1632.1274028539844,
2023-01-17,21134.81,Bull,19536.86710000002,39.91422688393697,0.3261952664106179,1768.2929213954951,
2023-01-18,20677.47,Bull,19543.99040000002,41.69319699375449,0.34583024149981506,1834.1657243222226,
2023-01-19,21071.59,Bull,19552.76920000002,43.34509781001361,0.3516723489811971,1900.700704744184,
2023-01-20,22667.21,Bull,19564.92170000002,45.59435917759936,0.35567941145102766,2067.92603465876,
2023-01-21,22783.55,Bull,19577.96030000002,47.87659226652995,0.37517579546369884,2192.473800191181,
2023-01-22,22707.88,Bull,19588.677150000018,49.69352636779235,0.3887266160240831,2264.118087754506,
2023-01-23,22916.45,Bull,19595.134500000022,51.418160597917066,0.39255135037174893,2307.395404833522,
2023-01-24,22632.89,Bull,19600.32520000002,52.924116737552325,0.3962488032835895,2300.3090195821073,
2023-01-25,23060.94,Bull,19607.67075000002,54.57308125126473,0.3852828698564021,2278.950604287559,
2023-01-26,23009.65,Bull,19618.40665000002,56.10426258542625,0.37598826272705116,2219.0265905390747,
2023-01-27,23074.16,Bull,19633.95940000002,56.69005933347977,0.35736053665535167,2115.0015863585554,
2023-01-28,23022.6,Bull,19652.42865000002,57.234013456672336,0.33418356359348467,1973.4115235760194,
2023-01-29,23742.3,Bull,19669.96580000002,58.14406463114111,0.2983290355591257,1816.7556455956526,
2023-01-30,22826.15,Bull,19681.15235000002,57.848382225752104,0.2678247064170025,1568.0557899628584,
2023-01-31,23125.13,Bull,19692.62780000002,57.573819992176595,0.22132108947429224,1312.7595558026012,
2023-02-01,23732.66,Bull,19705.313100000018,57.657107725486,0.18650630963589523,1135.3196440434926,
2023-02-02,23488.94,Bull,19718.767000000018,58.0012662006646,0.17013957668807905,1025.054537695814,
2023-02-03,23431.9,Bull,19723.763600000017,57.928724685987184,0.16402027101371106,985.7873400230526,
2023-02-04,23326.84,Bull,19723.414700000016,57.861364708072436,0.15293297697942454,915.029844306063,
2023-02-05,22932.91,Bull,19721.962750000017,56.54224310271734,0.1437434200898014,845.5228456138773,
2023-02-06,22762.52,Bull,19720.01440000002,55.054348293808,0.1290283387888636,753.3272064511291,
2023-02-07,23240.46,Bull,19722.792550000016,53.88115410799653,0.09338863098674284,556.6945054253522,
2023-02-08,22963.0,Bull,19725.35220000002,52.902442961954264,0.056119430132004676,330.5370023565138,
2023-02-09,21796.35,Bull,19721.435550000017,49.9191830567763,0.07679320510208483,429.32361061936876,
2023-02-10,21625.19,Bull,19723.00700000002,46.74175731350731,0.09562303089072756,530.3964919740791,
2023-02-11,21862.55,Bull,19726.046400000017,43.79129055190038,0.10405251644313056,583.4875711157588,
2023-02-12,21783.54,Bull,19720.201850000016,41.34931556641754,0.11405247242142487,637.2522357611782,
2023-02-13,21773.97,Bull,19709.857050000017,38.555354342610585,0.12204596228353777,681.6151617070558,
2023-02-14,22199.84,Bull,19701.987500000017,36.65355224943136,0.12175594864948608,693.2952731552856,
2023-02-15,24324.05,Bull,19705.390200000016,37.037070926129026,0.1239450516415344,773.2915886823229,
2023-02-16,23517.72,Bull,19706.51220000002,37.94999208226834,0.13034416369430746,786.2578805284859,
2023-02-17,24569.97,Bull,19713.02200000002,38.51020608009351,0.1385265385783711,873.0031579277544,
2023-02-18,24631.95,Bull,19721.24280000002,39.03040479235974,0.14812261660328477,935.833043401209,
2023-02-19,24271.76,Bull,19728.50975000002,39.72974234602849,0.1569276281558021,976.9647314855177,
2023-02-20,24842.2,Bull,19739.60585000002,39.709987083219836,0.1655089420572331,1054.6047487309079,
2023-02-21,24452.16,Bull,19745.304550000023,39.79637384630367,0.17333900399267665,1087.1556611144285,
2023-02-22,24182.21,Bull,19751.444550000022,38.828889040353616,0.17864171837606754,1108.0441927127574,
2023-02-23,23940.2,Bull,19755.273600000022,38.05467700256218,0.1822036453721485,1118.8272668497905,
2023-02-24,23185.29,Bull,19752.150050000022,36.0913953820339,0.1881253843572753,1118.7631128713406,
2023-02-25,23157.07,Bull,19752.18565000002,34.09241047874822,0.18799298169789144,1116.6149819830202,
2023-02-26,23554.85,Bull,19750.189650000022,32.80444466157129,0.1841046456880578,1112.303481553504,
2023-02-27,23492.09,Bull,19747.97815000002,31.84563117660338,0.18472738643483885,1113.09222141956,
2023-02-28,23141.57,Bull,19741.66760000002,30.808057284873218,0.18715736392535032,1110.9076187193418,
2023-03-01,23628.97,Bull,19737.605550000022,30.315750354004393,0.17376016914929948,1053.108765501978,
2023-03-02,23465.32,Bull,19733.40595000002,29.85860820391191,0.16050598416111225,966.0417946191811,
2023-03-03,22354.34,Bull,19724.70355000002,27.97156901431554,0.1617953929074077,927.6971216218803,
2023-03-04,22346.57,Bull,19717.162700000015,26.21931833826177,0.15342638091315655,879.4053818195304,
2023-03-05,22430.24,Bear,19712.600600000016,24.47066260641201,0.14249537366614282,819.8093950568128,⚠️ Potential Misclassification
2023-03-06,22410.0,Bear,19708.694600000017,22.84691085540866,0.1395758324887131,802.2879870603277,⚠️ Potential Misclassification
2023-03-07,22197.96,Bear,19715.512450000017,21.60556874575588,0.14762686236346023,840.5366599885652,⚠️ Potential Misclassification
2023-03-08,21705.44,Bear,19718.339300000014,20.952873121652367,0.1670719914646005,930.1445578230785,⚠️ Potential Misclassification
2023-03-09,20362.22,Bear,19712.572350000017,21.978964353382715,0.21246417344677573,1109.6577215018494,⚠️ Potential Misclassification
2023-03-10,20150.69,Bear,19706.326650000017,23.314303474348236,0.24119808152528627,1246.6426389721355,⚠️ Potential Misclassification
2023-03-11,20455.73,Bear,19700.959700000018,24.00724186790597,0.2526153736505216,1325.4183104822287,⚠️ Potential Misclassification
2023-03-12,21997.11,Bear,19704.104850000014,22.635501760997418,0.22006737900462497,1241.6508885190908,⚠️ Potential Misclassification
2023-03-13,24113.48,Bear,19716.877050000014,22.684480918192175,0.1968600767614177,1217.5750702883233,⚠️ Potential Misclassification
2023-03-14,24670.41,Bear,19739.023850000016,23.761501973904096,0.198329880329123,1254.9971020927899,⚠️ Potential Misclassification
2023-03-15,24285.66,Bear,19760.264150000017,24.678245067616803,0.20485393739856808,1276.0639286428425,⚠️ Potential Misclassification
2023-03-16,24998.78,Bull,19787.480000000018,25.529506511778603,0.21462885579307583,1376.2113362127604,
2023-03-17,27395.13,Bull,19823.027000000016,27.418085959185838,0.2454841347125461,1724.9440035047019,
2023-03-18,26907.49,Bull,19858.506150000016,29.17176687463541,0.28051513173398357,1936.0104037697538,
2023-03-19,27972.87,Bull,19898.120400000018,31.031340086271122,0.30930350062918976,2219.2185213833814,
2023-03-20,27717.01,Bull,19936.048150000017,32.78641561677811,0.34084008970604207,2423.121859500236,
2023-03-21,28105.47,Bull,19976.816200000016,34.416128609391734,0.36431114185808844,2626.2829361973872,
2023-03-22,27250.97,Bull,20013.91155000002,35.03114774764393,0.39127529798558935,2734.9072499990007,
2023-03-23,28295.41,Bull,20055.38710000002,35.60223694744953,0.3950590606341439,2867.1883542951587,
2023-03-24,27454.47,Bull,20093.675250000022,35.99114469320625,0.4135592290882899,2912.252235596594,
2023-03-25,27462.95,Bull,20137.036950000023,36.352273314266064,0.41699218246038217,2937.3338177079536,
2023-03-26,27968.05,Bull,20180.413000000022,36.93428977365458,0.41298092310741785,2962.58202899972,
2023-03-27,27124.91,Bull,20219.438700000024,36.19946400532388,0.4190317614900509,2915.368483077991,
2023-03-28,27261.07,Bull,20248.943500000023,35.517125791873944,0.4027056654430917,2815.845637721884,
2023-03-29,28348.6,Bull,20282.444800000027,35.6752801781973,0.3564317318634092,2591.708677860083,
2023-03-30,28028.53,Bull,20313.453100000024,36.140136002088994,0.3101638853557622,2229.8197381791097,
2023-03-31,28465.36,Bull,20343.801200000024,36.32313073101914,0.24408412638422572,1782.109656267049,
2023-04-01,28452.73,Bull,20385.197000000022,36.598437421576804,0.19387398666973865,1414.8867826672833,
2023-04-02,28171.87,Bull,20424.922800000022,36.30651801414887,0.17194009303597713,1242.427452924102,
2023-04-03,27800.0,Bull,20465.413400000023,35.12664078687712,0.15114330436083365,1077.7348204413925,
2023-04-04,28165.47,Bull,20507.224250000025,34.03104050441049,0.10831422067328704,782.4934088644553,
2023-04-05,28170.01,Bull,20547.506200000025,33.318026416293336,0.06554990744180454,473.6279136535797,
2023-04-06,28033.82,Bull,20590.594400000024,32.51396849440017,0.06459850585218896,464.49704930284923,
2023-04-07,27906.33,Bull,20632.440950000022,31.76734328121365,0.05687295023277994,407.0864894453622,
2023-04-08,27938.38,Bull,20677.757850000024,31.133853873114724,0.05677740000047285,406.86930505255486,
2023-04-09,28323.76,Bull,20727.06985000002,30.948343567216178,0.05706596096992302,414.577994954542,
2023-04-10,29637.34,Bull,20778.248400000022,31.830686439797734,0.07400260908128667,562.5543149470367,
2023-04-11,30200.42,Bull,20832.80095000002,33.14722596616082,0.09262887479173532,717.5258920716129,
2023-04-12,29888.07,Bull,20887.63880000002,34.36972695492654,0.1063172968526971,815.042027699384,
2023-04-13,30373.84,Bull,20945.47110000002,35.57421807754368,0.11827048110936723,921.4128622331551,
2023-04-14,30466.93,Bull,21001.666650000017,36.944916119796495,0.12849528946692673,1004.1396306890182,
2023-04-15,30295.09,Bull,21057.74645000002,38.21770715903125,0.137396665517356,1067.6444480859261,
2023-04-16,30304.65,Bull,21112.20560000002,39.21475841204498,0.1370031939187771,1064.922910475224,
2023-04-17,29430.27,Bull,21161.399400000017,38.38144864378279,0.13348170733184903,1007.614028742247,
2023-04-18,30380.01,Bull,21216.186400000017,37.77533020050374,0.13455977102245759,1048.5312002704318,
2023-04-19,28797.1,Bull,21263.617150000013,36.22489689659379,0.13863712760451763,1024.015457314604,
2023-04-20,28243.65,Bull,21309.551400000015,34.02221164295024,0.1424506756969668,1031.9616081753823,
2023-04-21,27262.84,Bull,21347.720200000014,32.311908715066075,0.15733253121263877,1100.1903481040638,
2023-04-22,27816.85,Bull,21385.11535000001,30.723770282030777,0.15652909845076932,1116.8150004517186,
2023-04-23,27590.6,Bull,21422.27705000001,29.249070308498002,0.15957546398115632,1129.289959540145,
2023-04-24,27510.93,Bull,21460.028350000008,28.335049470000236,0.16475252187211364,1162.5604624974962,
2023-04-25,28300.79,Bull,21503.88185000001,26.849639043249134,0.15958533664572022,1158.4298744068117,
2023-04-26,28415.29,Bull,21548.86850000001,26.330059719847565,0.15722066515306152,1145.8820808858507,
2023-04-27,29472.77,Bull,21599.03725000001,25.84759320526039,0.1486603938035475,1123.8140048108378,
2023-04-28,29311.7,Bull,21649.93640000001,25.399588584572307,0.1456490470849116,1095.0321260533754,
2023-04-29,29230.45,Bear,21700.788650000013,24.98358429393337,0.14402455630706623,1079.817230921037,⚠️ Potential Misclassification
2023-04-30,29233.21,Bull,21751.17705000001,25.15677021079997,0.1432235946318688,1073.9134505950542,
2023-05-01,28068.26,Bear,21794.64270000001,23.418607314629817,0.14827452452461432,1067.4812042050573,⚠️ Potential Misclassification
2023-05-02,28669.86,Bear,21842.107350000013,21.80459891104325,0.1427769016692392,1049.9333517465586,⚠️ Potential Misclassification
2023-05-03,29026.16,Bear,21891.891200000016,20.661775123675966,0.13380779244017266,996.2060999793557,⚠️ Potential Misclassification
2023-05-04,28838.16,Bear,21939.767100000012,19.737116518591627,0.12500363949170173,924.6309167705349,⚠️ Potential Misclassification
2023-05-05,29505.61,Bear,21989.545850000013,19.236242836692693,0.11539574183968229,873.3183531767141,⚠️ Potential Misclassification
2023-05-06,28848.2,Bear,22037.149650000014,18.050246111475396,0.10756969075173345,795.9519414705974,⚠️ Potential Misclassification
2023-05-07,28430.1,Bear,22083.68030000001,16.94896343805933,0.10679024524693644,778.7322795554339,⚠️ Potential Misclassification
2023-05-08,27668.79,Bear,22126.81465000001,16.946893093498755,0.09757746754297926,692.4970309900418,⚠️ Potential Misclassification
2023-05-09,27628.27,Bear,22169.13415000001,16.944970630692506,0.10105048407571457,716.0944303609477,⚠️ Potential Misclassification
2023-05-10,27598.75,Bear,22211.10615000001,17.542331680544475,0.10455847626028283,740.1621355197307,⚠️ Potential Misclassification
2023-05-11,26968.62,Bear,22248.09725000001,18.17145315574507,0.11085869634167136,766.8434229683137,⚠️ Potential Misclassification
2023-05-12,26795.01,Bear,22285.42370000001,19.5525212276123,0.1220566025062506,838.8675725124425,⚠️ Potential Misclassification
2023-05-13,26775.28,Bear,22318.89975000001,20.834941580060445,0.13044707057318913,895.8732266778493,⚠️ Potential Misclassification
2023-05-14,26917.62,Bear,22349.62990000001,21.735181933316472,0.13512736985875654,932.9496100932683,⚠️ Potential Misclassification
2023-05-15,27162.14,Bear,22383.96505000001,21.739679207898313,0.13866892329059474,966.0983331602553,⚠️ Potential Misclassification
2023-05-16,27033.84,Bear,22416.17505000001,21.743855248581447,0.1443288035884872,1000.7807812427058,⚠️ Potential Misclassification
2023-05-17,27405.61,Bear,22449.15475000001,22.098895553755813,0.13714463640782731,964.0432243724575,⚠️ Potential Misclassification
2023-05-18,26821.28,Bear,22480.12375000001,22.631925264057518,0.1386828637547501,954.0705867952947,⚠️ Potential Misclassification
2023-05-19,26880.26,Bear,22512.071350000006,23.126881423623388,0.1348964138754024,930.0623748082546,⚠️ Potential Misclassification
2023-05-20,27102.43,Bear,22545.165400000005,23.586483571791696,0.12652801656536636,879.5755277813638,⚠️ Potential Misclassification
2023-05-21,26747.78,Bear,22578.14510000001,24.216330438328928,0.1312354557618152,900.3619484362191,⚠️ Potential Misclassification
2023-05-22,26849.27,Bear,22611.352350000005,24.96412522761322,0.12818165160855396,882.7476120187239,⚠️ Potential Misclassification
2023-05-23,27219.61,Bear,22641.707800000007,24.685070343356394,0.11651577581055593,813.4761707843506,⚠️ Potential Misclassification
2023-05-24,26329.01,Bull,22666.856000000007,25.355915836000825,0.11588750723207926,782.6171428398849,
2023-05-25,26473.79,Bull,22694.697050000006,26.21002980659839,0.09068116120950764,615.7598934312333,
2023-05-26,26705.92,Bull,22725.271000000004,26.309672943477267,0.07047887453983973,482.77493054928357,
2023-05-27,26854.27,Bull,22766.806200000003,26.402198713436228,0.05285946055942348,364.09463863450725,
2023-05-28,28065.0,Bull,22827.517150000003,25.021813127242496,0.05701321355498794,410.4107929809924,
2023-05-29,27736.4,Bear,22878.193400000004,23.994125166310756,0.05896668433518841,419.5029374644946,⚠️ Potential Misclassification
2023-05-30,27694.4,Bear,22931.313850000006,23.03984348830271,0.06009786443433618,426.9029995709279,⚠️ Potential Misclassification
2023-05-31,27210.35,Bear,22983.305200000006,21.78760508934866,0.061408017233331426,428.5854360473138,⚠️ Potential Misclassification
2023-06-01,26817.93,Bear,23035.745600000006,20.954879383952974,0.06221114473846905,427.9289338125799,⚠️ Potential Misclassification
2023-06-02,27242.59,Bear,23088.861250000005,20.323022766770112,0.060887856306028214,425.4585781366076,⚠️ Potential Misclassification
2023-06-03,27069.22,Bear,23139.704500000003,19.673593429917197,0.06107803871329246,424.0714455998915,⚠️ Potential Misclassification
2023-06-04,27115.21,Bear,23191.966750000003,18.832884737183623,0.06091680530170887,423.6705705122575,⚠️ Potential Misclassification
2023-06-05,25728.2,Bear,23237.144950000005,19.97706534344775,0.0786703149953834,519.1567418645789,⚠️ Potential Misclassification
2023-06-06,27230.08,Bear,23289.793100000006,20.619768111855258,0.07351448367691163,513.4522184601045,⚠️ Potential Misclassification
2023-06-07,26339.34,Bear,23337.986400000005,21.147376968593466,0.07888744882681772,532.9555705393944,⚠️ Potential Misclassification
2023-06-08,26498.61,Bear,23389.078300000005,21.637299478421802,0.07990506038334486,543.0947235633877,⚠️ Potential Misclassification
2023-06-09,26477.81,Bear,23442.560900000004,22.0922275232624,0.08125639286930235,551.8458827514809,⚠️ Potential Misclassification
2023-06-10,25841.21,Bear,23490.632250000002,23.492271738871843,0.09078500882127959,601.734887085075,⚠️ Potential Misclassification
2023-06-11,25925.55,Bear,23537.24445,24.792312796223467,0.09596647654913816,638.1543505705578,⚠️ Potential Misclassification
2023-06-12,25905.19,Bull,23583.77565,26.032053936358476,0.09977822113696111,662.9804849104768,
2023-06-13,25934.25,Bull,23630.8362,26.392919774780772,0.10255262956470372,682.1795554525173,
2023-06-14,25128.6,Bull,23674.186349999996,27.644749430985062,0.11957707307498164,770.7160765310709,
2023-06-15,25598.49,Bull,23720.0349,28.82559507300517,0.12296363866750837,807.3637760895676,
2023-06-16,26345.0,Bull,23770.695349999998,28.329536977289283,0.11951996516534051,807.6382272190643,
2023-06-17,26516.99,Bull,23821.067649999997,27.294426658030318,0.10729860643404368,729.7876545800125,
2023-06-18,26339.97,Bull,23866.949299999997,26.333252790146993,0.09939766692340285,671.5365771080344,
2023-06-19,26844.35,Bear,23916.284199999995,24.786569870452805,0.08900374975741127,612.8291326561861,⚠️ Potential Misclassification
2023-06-20,28307.99,Bear,23972.360449999993,24.46922099645087,0.10015169520833006,727.1860588586999,⚠️ Potential Misclassification
2023-06-21,29993.89,Bull,24037.90389999999,25.973586940513268,0.13955470209063434,1073.6320669678241,
2023-06-22,29884.92,Bull,24101.799999999992,27.370498174285498,0.16885032020369597,1294.2917775704977,
2023-06-23,30688.5,Bull,24170.410749999992,29.15307583705651,0.19890407503585447,1565.6603316940361,
2023-06-24,30527.43,Bull,24237.603099999993,30.8083265239153,0.22483055918389794,1760.4503887484263,
2023-06-25,30462.66,Bull,24305.733199999995,32.47063492452188,0.24062532750267515,1880.1277835022574,
2023-06-26,30267.99,Bull,24370.952649999996,33.430881107146796,0.2563647271311356,1990.3069467376406,
2023-06-27,30692.44,Bull,24438.77205,34.520595308818244,0.2658710727846654,2093.055331962923,
2023-06-28,30077.41,Bull,24503.52165,34.91569673835371,0.27695823225914584,2136.6477043220616,
2023-06-29,30447.31,Bull,24570.33295,35.378247368407834,0.27948103996034296,2182.626810867197,
2023-06-30,30472.0,Bull,24636.643799999998,34.90151275446037,0.27860131076781997,2177.520844645469,
2023-07-01,30585.9,Bull,24700.6998,34.458830612937724,0.2749841297904468,2157.282896770474,
2023-07-02,30617.03,Bull,24764.7692,33.7685003548975,0.2686695078646399,2109.8891828877704,
2023-07-03,31156.2,Bull,24833.768500000002,33.687478712317535,0.2578854095532329,2060.86460657765,
2023-07-04,30766.51,Bull,24904.44045,33.61224432992186,0.2374288189529452,1873.6560642872805,
2023-07-05,30504.81,Bull,24973.0819,32.79044850799867,0.21337247827550057,1669.4942662074186,
2023-07-06,29895.43,Bull,25038.868,32.652441085309974,0.19388672191922848,1486.7264861688664,
2023-07-07,30344.7,Bull,25108.3971,32.26024445125811,0.16450024522718174,1280.3467516490964,
2023-07-08,30284.63,Bull,25175.34245,31.896061862495664,0.12353720892558559,959.6177294793087,
2023-07-09,30160.71,Bull,25242.022650000003,31.6240116565476,0.07311319979794298,565.6080189732212,
2023-07-10,30411.57,Bull,25309.973350000004,32.00192682353615,0.04024334365249535,313.9143033167041,
2023-07-11,30622.1,Bull,25379.19135,32.352848050025514,0.03832632919176063,301.0304320657735,
2023-07-12,30380.0,Bull,25446.910750000003,32.85296767202832,0.03485434264849053,271.59568885079466,
2023-07-13,31454.23,Bull,25520.021350000003,34.044061344568334,0.043085908528268574,347.6102061527366,
2023-07-14,30312.01,Bull,25586.984450000004,34.38423397062042,0.04504986408299303,350.256679857367,
2023-07-15,30289.52,Bull,25654.90025,34.7001085519545,0.04546799956782524,353.2453424052777,
2023-07-16,30231.99,Bull,25723.323650000002,34.684564536553815,0.04571763833283712,354.51019484185696,
2023-07-17,30138.0,Bull,25790.846300000005,33.7957725274115,0.04645525750612888,359.110006119619,
2023-07-18,29859.13,Bull,25857.10455,32.670146634186416,0.04886855706830086,374.26987448331874,
2023-07-19,29909.21,Bull,25923.938599999998,31.624922590477407,0.05124006666058503,393.0907588565152,
2023-07-20,29800.0,Bull,25989.85485,30.99555404269048,0.054480053722065304,416.4204002579879,
2023-07-21,29901.72,Bull,26055.999099999997,30.411140391174047,0.055689208752470305,427.1155900671288,
2023-07-22,29794.0,Bull,26121.5932,29.613262468585102,0.057536936557887185,439.69725510822553,
2023-07-23,30083.75,Bull,26187.76015,29.4375672934754,0.051088733520368836,394.21696833686457,
2023-07-24,29176.5,Bull,26249.483399999997,27.394770867442617,0.05924451322703888,443.36308919110303,
2023-07-25,29228.91,Bull,26310.874699999997,25.497888471840746,0.06452811354929638,483.77096014346665,
2023-07-26,29351.96,Bear,26372.916649999996,24.302300301750982,0.06789769022899131,511.1758330971895,⚠️ Potential Misclassification
2023-07-27,29222.78,Bear,26433.391399999997,23.164350658261473,0.07231102902177922,542.0062273612695,⚠️ Potential Misclassification
2023-07-28,29314.14,Bear,26494.070799999998,22.107683132164073,0.07463491561859133,561.1738300649029,⚠️ Potential Misclassification
2023-07-29,29352.9,Bear,26553.631999999998,21.126491857930773,0.07657258978771747,576.5043077928042,⚠️ Potential Misclassification
2023-07-30,29281.09,Bear,26610.321149999996,19.668547060549862,0.07767737022360174,583.3913151388613,⚠️ Potential Misclassification
2023-07-31,29232.25,Bear,26662.249299999996,18.50549303716189,0.07651333432511406,573.6903945548075,⚠️ Potential Misclassification
2023-08-01,29705.99,Bear,26711.1292,18.092423663392264,0.07328503661079133,558.3898889461966,⚠️ Potential Misclassification
2023-08-02,29186.01,Bear,26752.284649999998,16.975448518940418,0.05504145819478839,412.0433068711904,⚠️ Potential Misclassification
2023-08-03,29193.64,Bear,26793.895349999995,15.938257313377989,0.052843410958094285,395.6920248112013,⚠️ Potential Misclassification
2023-08-04,29113.99,Bear,26833.537049999995,15.338335095704831,0.050446487757054605,376.71322697004996,⚠️ Potential Misclassification
2023-08-05,29072.13,Bear,26873.223649999996,14.781264465008329,0.047675787468525174,355.51091007683846,⚠️ Potential Misclassification
2023-08-06,29088.42,Bear,26915.2784,14.113997548402159,0.04455942752297409,332.45888260763087,⚠️ Potential Misclassification
2023-08-07,29211.06,Bear,26955.975749999998,14.194838070080591,0.04286981397802113,321.2011724076208,⚠️ Potential Misclassification
2023-08-08,29770.42,Bear,26991.491799999996,14.321238674335746,0.04075660591432029,311.2154706790417,⚠️ Potential Misclassification
2023-08-09,29581.99,Bear,27025.484,14.438610664001246,0.03957010457785953,300.2429302699444,⚠️ Potential Misclassification
2023-08-10,29455.75,Bear,27059.22335,14.398443593398214,0.036540857841142596,276.07496764747845,⚠️ Potential Misclassification
2023-08-11,29426.03,Bear,27091.77125,14.176203860015649,0.034191866432945264,258.067127465191,⚠️ Potential Misclassification
2023-08-12,29430.17,Bear,27125.75765,13.969838393303265,0.02570379438126071,194.02970134065953,⚠️ Potential Misclassification
2023-08-13,29303.84,Bear,27156.972149999998,13.45401950243692,0.025431150605728845,191.14755631855743,⚠️ Potential Misclassification
2023-08-14,29430.93,Bear,27189.078549999995,13.517851781028398,0.025311722052283492,191.07500721810317,⚠️ Potential Misclassification
2023-08-15,29200.0,Bear,27219.707749999994,13.440266721899281,0.025825707755945698,193.42530472409413,⚠️ Potential Misclassification
2023-08-16,28730.51,Bear,27248.247299999995,12.589095315001416,0.03182933620924378,234.55739136213234,⚠️ Potential Misclassification
2023-08-17,26623.41,Bear,27262.65285,15.917616777464774,0.09424200167196406,643.556065968187,
2023-08-18,26054.0,Bear,27278.792099999995,19.008386706895035,0.1415362838441497,945.8459388862469,
2023-08-19,26100.01,Bear,27293.666499999996,21.878387355651707,0.1708381381962912,1143.6778487283104,
2023-08-20,26189.99,Bear,27305.953149999994,24.501461350033026,0.1910394786507384,1283.3250242259155,
2023-08-21,26126.92,Bear,27319.14304999999,27.037410947363195,0.2060093129404309,1380.553607689197,
2023-08-22,26056.0,Bear,27332.26354999999,29.692637097519818,0.22064574066975812,1474.624685693644,
2023-08-23,26432.72,Bear,27347.79294999999,30.624983634824016,0.2243094063240463,1520.7840447279764,
2023-08-24,26180.05,Bear,27364.02864999999,31.490733990892203,0.23390598597887324,1570.688318536687,
2023-08-25,26060.01,Bear,27380.51609999999,32.372342856711754,0.2414162105848717,1613.6866746749176,
2023-08-26,26017.37,Bear,27394.40064999999,33.190979660687056,0.24616955392881648,1642.766878197773,
2023-08-27,26101.77,Bear,27410.09449999999,33.806057540719884,0.2458924802974979,1646.2409943211205,
2023-08-28,26120.0,Bear,27431.71274999999,34.487946206534225,0.23824056836984608,1596.1257172561777,
2023-08-29,27716.34,Bull,27462.168499999985,32.489432876144996,0.21329389362174528,1516.3257442419886,
2023-08-30,27299.99,Bear,27489.35569999999,30.633670497926424,0.20452284712960056,1432.1302686522506,
2023-08-31,25940.78,Bear,27510.14189999999,29.695129829507447,0.20456929018921666,1361.136483397613,
2023-09-01,25805.05,Bear,27530.29729999999,29.142674023793983,0.1913283504966194,1266.374737252686,
2023-09-02,25869.51,Bear,27548.64564999999,28.62967934706005,0.1728343620466989,1146.8232782849686,
2023-09-03,25971.21,Bear,27556.88144999999,27.909236555138268,0.14399817937150186,959.2402444783096,
2023-09-04,25826.02,Bear,27568.42294999999,27.434455667251246,0.11103429263207204,735.5171764071615,
2023-09-05,25792.1,Bear,27574.533599999988,27.07455523324191,0.0740248078739643,489.7136380507052,
2023-09-06,25759.95,Bear,27580.17359999999,26.96874791536347,0.07412977867553561,489.7967794957777,
2023-09-07,26255.0,Bear,27590.08979999999,26.09900365150812,0.07266299218966342,489.33187478246276,
2023-09-08,25910.5,Bear,27595.43129999999,25.286940890590955,0.07415185589552738,492.80604325312805,
2023-09-09,25901.61,Bear,27602.67854999999,24.532882612596442,0.07472488765865111,496.4439663345315,
2023-09-10,25841.61,Bear,27610.975549999992,24.178529359415307,0.07565098838474278,501.4323860745683,
2023-09-11,25162.52,Bear,27617.08714999999,24.73041035610718,0.08479713384032336,547.2849587056882,
2023-09-12,25840.1,Bear,27630.36119999999,23.913092825702364,0.08211640759953277,544.2548875434745,
2023-09-13,26222.0,Bear,27645.685849999987,23.154155118897897,0.0809996729044595,544.7876880762209,
2023-09-14,26522.73,Bear,27660.52524999999,21.635433846592957,0.08144388219724168,554.057575561718,
2023-09-15,26600.0,Bear,27676.06479999999,20.17786118529651,0.08281626948454297,565.0352029500954,
2023-09-16,26559.67,Bear,27693.155299999988,18.82440085694981,0.08416227929897359,573.3480890112533,
2023-09-17,26527.51,Bear,27707.64799999999,17.65548432447782,0.08518148673353901,579.5886989104415,
2023-09-18,26762.51,Bear,27724.133949999985,17.58289047973356,0.069220157746619,475.15754882178675,
2023-09-19,27210.26,Bear,27748.413549999987,17.62679717307663,0.06643951776719385,463.7002918009385,
2023-09-20,27125.0,Bear,27772.305699999983,17.667567674038047,0.0737862474288961,513.3615963128797,
2023-09-21,26568.08,Bear,27792.994899999983,16.782151569497184,0.07526687483481627,512.9112919652752,
2023-09-22,26580.14,Bear,27813.845599999982,15.959979472423528,0.07518634143033148,512.5950673145666,
2023-09-23,26575.96,Bear,27835.73559999998,15.196533953712276,0.07530321629329007,513.311144487398,
2023-09-24,26248.38,Bear,27858.45029999998,14.570850020052694,0.07461416055720618,502.3448660162234,
2023-09-25,26304.81,Bear,27888.16324999998,14.251503704445176,0.07233279582055369,488.0323682648249,
2023-09-26,26221.67,Bear,27918.518149999974,13.954967839952479,0.06996400343439609,470.5580483800345,
2023-09-27,26372.99,Bear,27948.104449999973,13.298697502564718,0.06949238545960891,470.08327096401445,
2023-09-28,27021.39,Bear,27973.225849999973,13.56279772243853,0.06933819812246261,480.5719775877455,
2023-09-29,26906.96,Bear,27987.193249999968,13.808033640892786,0.06916412402873308,477.33548406944175,
2023-09-30,26962.56,Bear,27998.653999999966,14.03575270802888,0.06749163415936633,466.75531747933087,
2023-10-01,27992.57,Bear,28017.188549999966,15.74988898852753,0.06465309825138776,464.20554145791374,
2023-10-02,27494.51,Bear,28029.667199999963,17.901076493382668,0.06501282433058712,458.48298565053267,
2023-10-03,27426.46,Bear,28029.823849999964,19.575542687938906,0.06624890628968588,466.0437355413587,
2023-10-04,27778.57,Bear,28034.179249999965,21.311056311773008,0.07149647429679153,509.4161592393667,
2023-10-05,27410.39,Bear,28031.366849999962,23.219084875169738,0.07390635778785298,519.6072726023899,
2023-10-06,27931.09,Bear,28032.437249999963,24.487753764182685,0.07828349332399048,560.8365222962004,
2023-10-07,27956.67,Bear,28031.693249999964,25.665803446837565,0.08249501181443511,591.5498317597453,
2023-10-08,27917.05,Bear,28035.023649999966,26.294364060593633,0.08637621380177866,618.5031186188963,
2023-10-09,27590.12,Bear,28031.497199999965,25.716064643974963,0.08871635278189403,627.820474257642,
2023-10-10,27390.12,Bear,28031.175449999966,25.179072328543345,0.08977971511950802,630.7399858096807,
2023-10-11,26875.52,Bear,28028.238299999965,23.765011973392514,0.08992816899132379,619.9131270226387,
2023-10-12,26759.63,Bear,28022.196199999962,22.451955929323884,0.08923994121003616,612.5162087981939,
2023-10-13,26862.0,Bear,28020.881649999963,20.86127394969072,0.08729782046298677,601.4782836089303,
2023-10-14,26852.48,Bear,28018.838699999964,19.384212111459927,0.082304170925879,566.8712772434957,
2023-10-15,27154.15,Bear,28012.86644999997,18.670654590864007,0.07560060735499667,526.5501044729893,
2023-10-16,28500.78,Bear,28015.227699999967,21.04770327561558,0.07388689636072973,540.1350699440045,⚠️ Potential Misclassification
2023-10-17,28395.91,Bear,28014.880449999968,23.254962768599178,0.07350945875518802,535.3985887878767,⚠️ Potential Misclassification
2023-10-18,28320.0,Bull,28014.216799999966,25.54164329474312,0.07679265247000017,557.8162011578813,
2023-10-19,28713.71,Bull,28016.925999999963,27.571337819642967,0.08113270971003742,597.5352038114149,
2023-10-20,29669.04,Bull,28026.271199999963,30.17157401825392,0.09635350125910876,733.245152679982,
2023-10-21,29909.8,Bull,28034.992849999966,32.66418677524168,0.11441688495580098,877.7722255619069,
2023-10-22,29992.46,Bull,28044.105099999964,34.978755763873174,0.1293519346559528,995.0919730241607,
2023-10-23,33069.99,Bull,28069.285949999965,38.32183558519569,0.1772166210001374,1503.1998411436282,
2023-10-24,33922.73,Bull,28099.367949999967,41.5017448748995,0.22523357047310072,1959.7565434849637,
2023-10-25,34496.05,Bull,28132.156299999966,44.454517786767326,0.2649033553762668,2343.8781687991363,
2023-10-26,34151.66,Bull,28161.295799999967,47.19637834778745,0.29736064697750425,2604.79480578298,
2023-10-27,33892.02,Bull,28182.569199999965,49.137500950963165,0.32032151727669317,2784.5932944495157,
2023-10-28,34081.0,Bull,28201.972099999966,51.00085258190821,0.3357171533488788,2934.7024002250437,
2023-10-29,34525.89,Bull,28225.161199999962,52.794307104790015,0.34588781880935643,3063.0801169291835,
2023-10-30,34474.73,Bull,28245.665649999966,54.486299593051385,0.35427639983957804,3132.717998802202,
2023-10-31,34639.77,Bull,28266.529849999966,55.98214944438206,0.3530661874682809,3136.9625478947432,
2023-11-01,35421.43,Bull,28292.161549999964,57.59533251212757,0.34455108288747927,3130.3861639453694,
2023-11-02,34941.59,Bull,28315.346249999962,59.185839977937405,0.33924891362248744,3040.46028581102,
2023-11-03,34716.78,Bull,28341.778799999967,60.299703211507584,0.3230925195843213,2877.031033292981,
2023-11-04,35062.07,Bull,28365.18909999997,61.42330313176979,0.29931625198057216,2691.820255926293,
2023-11-05,35011.88,Bull,28396.26299999997,62.175094302629184,0.2859413609084487,2567.855712605844,
2023-11-06,35046.09,Bull,28430.275199999967,62.873186104141475,0.2649623081100485,2381.7812729318325,
2023-11-07,35399.12,Bull,28470.95659999997,63.73594983080877,0.23466879806666047,2130.7182262040783,
2023-11-08,35624.72,Bull,28509.995949999968,64.60771121550533,0.20193627002277942,1845.2023359964987,
2023-11-09,36701.09,Bull,28555.54839999997,65.87573448180709,0.17595654478230763,1656.389977486656,
2023-11-10,37301.63,Bull,28604.50189999997,67.05318465765872,0.15129543593500822,1447.544231541121,
2023-11-11,37130.0,Bull,28648.64794999997,68.14653124952095,0.11324210724637516,1078.477521252978,
2023-11-12,37064.13,Bull,28691.89214999997,69.16178165625016,0.11317022274905343,1075.880874191525,
2023-11-13,36462.93,Bull,28726.842949999973,69.17823818296363,0.11435795331919033,1069.5378140007174,
2023-11-14,35551.19,Bull,28758.040399999973,66.4380040422248,0.11551216172471837,1053.319343650828,
2023-11-15,37858.2,Bull,28801.17914999997,64.70936807826628,0.11853955936623427,1151.069312545857,
2023-11-16,36163.51,Bull,28835.83064999997,63.10420611173337,0.11748776334886389,1089.7864863156,
2023-11-17,36613.92,Bull,28878.558949999973,61.61369857138137,0.11105384724551416,1042.9369223608228,
2023-11-18,36568.1,Bull,28918.05014999997,60.2607317991419,0.10796413867333668,1012.6517703553001,
2023-11-19,37359.86,Bull,28959.71864999997,59.43235013457265,0.10500927431952393,1006.2620715323152,
2023-11-20,37448.78,Bull,29002.77174999997,58.814278045153564,0.10387129220157348,997.7262862964305,
2023-11-21,35741.65,Bull,29033.95194999997,56.69715108399396,0.10772347248072398,987.5592204950347,
2023-11-22,37408.34,Bull,29076.75264999997,54.90077515318283,0.1018902752103407,977.640935810746,
2023-11-23,37294.28,Bull,29121.073549999972,53.2327117888582,0.09667653990651437,924.7866070523679,
2023-11-24,37713.57,Bull,29171.297449999973,52.28293829319101,0.0937262807711333,906.6449248998101,
2023-11-25,37780.67,Bull,29222.059449999975,51.40100576150005,0.08938485854287116,866.1873135264722,
2023-11-26,37447.43,Bull,29271.302849999975,49.82095634545048,0.08181949425130201,785.8814075750208,
2023-11-27,37242.7,Bull,29322.673249999974,47.651127622599105,0.07472635979972106,713.8273625320488,
2023-11-28,37818.87,Bull,29377.792549999976,46.38427231168888,0.06917098419474847,670.9817521781314,
2023-11-29,37854.64,Bull,29433.18934999997,45.27044925534384,0.07108538241245291,690.2042521102226,
2023-11-30,37723.96,Bull,29487.22104999997,44.117191988236144,0.07268675382905439,703.3164179366127,
2023-12-01,38682.52,Bull,29544.822949999972,43.77143473282151,0.07923574278605838,786.1657116719445,
2023-12-02,39450.35,Bull,29606.90549999997,43.94882881908918,0.09223970865512829,933.3552811354217,
2023-12-03,39972.26,Bull,29669.738749999968,44.436431999977856,0.10569365516342878,1083.6419942511839,
2023-12-04,41991.1,Bull,29745.587849999964,45.8366606166511,0.12922578829625522,1391.82504702664,
2023-12-05,44073.32,Bull,29831.553149999967,47.693335099408266,0.17474412104176495,1975.4068087257763,
2023-12-06,43762.69,Bull,29914.85444999997,49.4173899762542,0.2036700167071271,2286.174173818765,
2023-12-07,43273.14,Bull,29997.481249999968,50.29664575946405,0.22294880239037446,2474.5814873507484,
2023-12-08,44170.99,Bull,30084.08984999997,51.316478521140944,0.23689057791485968,2683.880201531339,
2023-12-09,43713.6,Bull,30166.559799999966,52.2634660855552,0.25200773640635205,2825.5868023009193,
2023-12-10,43789.51,Bull,30253.862299999968,53.10947959989302,0.2611913776010127,2933.6420870174334,
2023-12-11,41253.4,Bull,30327.760349999968,50.12398663881207,0.26299950559707397,2782.8697878440125,
2023-12-12,41492.39,Bull,30401.692699999967,47.35174317495119,0.2558159124213489,2722.5396450593626,
2023-12-13,42869.03,Bull,30481.766499999972,45.618682328831746,0.24382040753668185,2680.9697618350497,
2023-12-14,43022.26,Bull,30556.55279999997,44.0094115431494,0.23944543892877207,2642.2748764816715,
2023-12-15,41940.3,Bull,30627.572299999967,42.51508867073007,0.23689700359538074,2548.4100331879085,
2023-12-16,42278.03,Bull,30700.49044999997,41.063106010722265,0.22238126427535407,2411.5215295065964,
2023-12-17,41374.65,Bull,30771.31194999997,39.33384196290171,0.20850611196011057,2212.744801014027,
2023-12-18,42657.8,Bull,30850.51129999997,37.00791170713126,0.1868370060088873,2044.276136587514,
2023-12-19,42275.99,Bull,30925.678299999974,35.43622003380907,0.16842601256744355,1826.3380171848203,
2023-12-20,43668.93,Bull,31008.676849999974,34.534375397639,0.13928774875502278,1560.1403741229547,
2023-12-21,43861.8,Bull,31092.409799999972,33.69694823548108,0.11961495668191621,1345.705860150048,
2023-12-22,43969.04,Bull,31183.613999999972,33.03341790985177,0.10340862449958613,1166.223936332808,
2023-12-23,43702.16,Bull,31265.97439999997,32.26568263642893,0.08727351463432409,978.280900722122,
2023-12-24,42991.5,Bull,31349.235199999974,30.619133504132463,0.08628781765598305,951.5032793160846,
2023-12-25,43576.13,Bull,31434.62279999997,29.090195024142893,0.08306247547958676,928.3927365189292,
2023-12-26,42508.93,Bull,31514.77839999997,27.485851741212418,0.08393322086000113,915.1499672605022,
2023-12-27,43428.85,Bull,31602.71659999997,25.904562053901564,0.08249838747843004,918.9713992879573,
2023-12-28,42563.76,Bear,31685.90764999997,24.31063237665521,0.0800231627594404,873.6428033783577,⚠️ Potential Misclassification
2023-12-29,42066.95,Bear,31766.716449999967,23.744853527257046,0.08018724152654517,865.2159265413761,⚠️ Potential Misclassification
2023-12-30,42140.28,Bear,31847.74659999997,23.21948745281589,0.07777335126749886,840.6330027632762,⚠️ Potential Misclassification
2023-12-31,42283.58,Bear,31933.52149999997,22.359428874093194,0.07170596461719166,777.6877155997776,⚠️ Potential Misclassification
2024-01-01,44179.55,Bear,32026.42679999997,21.375235505710013,0.0691908680013899,784.0581488324599,⚠️ Potential Misclassification
2024-01-02,44946.91,Bear,32119.43634999997,21.77786467251016,0.07906514836415493,911.513565882853,⚠️ Potential Misclassification
2024-01-03,42845.23,Bear,32201.077549999973,21.043781957550262,0.08297485722643025,911.8579699953282,⚠️ Potential Misclassification
2024-01-04,44151.1,Bear,32290.13319999997,20.362133722230357,0.08082896971289,915.3491390213649,⚠️ Potential Misclassification
2024-01-05,44145.11,Bear,32376.636999999973,19.83451867115278,0.0817013057962114,925.1023987804026,⚠️ Potential Misclassification
2024-01-06,43968.32,Bear,32454.938649999975,19.34459040943788,0.07433845487869835,838.362044172123,⚠️ Potential Misclassification
2024-01-07,43929.02,Bear,32524.614299999972,18.643894019150384,0.0741568851774482,835.5668481494181,⚠️ Potential Misclassification
2024-01-08,46951.04,Bear,32609.944899999973,18.621201677409594,0.09311536522587524,1121.3592599462188,⚠️ Potential Misclassification
2024-01-09,46110.0,Bear,32687.052399999975,18.989616173581478,0.10610129969712215,1254.8564061068455,⚠️ Potential Misclassification
2024-01-10,46653.99,Bear,32767.685199999978,18.95437568570077,0.11839788856144555,1416.8078533199987,⚠️ Potential Misclassification
2024-01-11,46339.16,Bear,32847.06769999998,19.593992063444045,0.12805374243178638,1522.0139692151513,⚠️ Potential Misclassification
2024-01-12,42782.73,Bear,32909.64139999998,18.815918608027676,0.14073677429512868,1544.380440053895,⚠️ Potential Misclassification
2024-01-13,42847.99,Bear,32970.41914999998,18.09342182799819,0.14096884513565905,1549.2867328995928,⚠️ Potential Misclassification
2024-01-14,41732.35,Bear,33028.693849999974,17.779413774015005,0.15171177362598923,1623.9413216543862,⚠️ Potential Misclassification
2024-01-15,42511.1,Bear,33089.012799999975,17.278541860112448,0.14892409803566156,1623.848570113934,⚠️ Potential Misclassification
2024-01-16,43137.95,Bear,33152.34254999997,16.69396530627349,0.14721792383284749,1628.914905952657,⚠️ Potential Misclassification
2024-01-17,42776.1,Bear,33213.29354999997,16.151144220565886,0.14774259754635236,1621.0078676454464,⚠️ Potential Misclassification
2024-01-18,41327.5,Bear,33266.84589999997,16.492353442321985,0.15762604950408268,1670.880273664081,⚠️ Potential Misclassification
2024-01-19,41659.03,Bear,33319.360049999974,17.01206288819763,0.15901117422186936,1699.084602306417,⚠️ Potential Misclassification
2024-01-20,41696.04,Bear,33374.00769999997,17.494650230796445,0.1618363819680777,1730.8091299760472,⚠️ Potential Misclassification
2024-01-21,41580.33,Bear,33429.38529999997,17.93471071850819,0.16803650416220595,1792.1310966288809,⚠️ Potential Misclassification
2024-01-22,39568.02,Bear,33477.748249999975,19.36303176548811,0.19454312166285992,1974.4148323287516,⚠️ Potential Misclassification
2024-01-23,39897.6,Bear,33525.51274999997,21.037785083816768,0.20694313667716993,2117.7564124682913,⚠️ Potential Misclassification
2024-01-24,40084.88,Bear,33574.513999999974,22.23346611987183,0.21528590220259386,2213.4737971770805,⚠️ Potential Misclassification
2024-01-25,39961.09,Bear,33623.51589999997,23.34374136763725,0.22383795889749045,2294.295053450957,⚠️ Potential Misclassification
2024-01-26,41823.51,Bear,33680.57559999997,22.664654835403518,0.21307160971276837,2285.7265384605735,⚠️ Potential Misclassification
2024-01-27,42120.63,Bear,33738.06824999997,22.03407448404362,0.21001516441365536,2268.943696182748,⚠️ Potential Misclassification
2024-01-28,42031.06,Bear,33796.323549999965,20.941275161349797,0.18767579251482291,2023.2838143187628,⚠️ Potential Misclassification
2024-01-29,43302.7,Bear,33855.565899999965,19.554812333947666,0.16531294395689528,1836.115692257083,⚠️ Potential Misclassification
2024-01-30,42941.1,Bear,33918.71134999997,18.45164067415673,0.1381890555973006,1522.0363345589722,⚠️ Potential Misclassification
2024-01-31,42580.0,Bear,33980.16374999997,17.155840726511947,0.10473929461452042,1143.9143494040318,⚠️ Potential Misclassification
2024-02-01,43082.94,Bear,34044.41849999997,16.253296468147628,0.10489146854928648,1159.1074680946165,⚠️ Potential Misclassification
2024-02-02,43200.0,Bear,34109.72849999997,15.243788513310681,0.10629874313877803,1177.8502605937947,⚠️ Potential Misclassification
2024-02-03,43011.09,Bear,34175.48829999997,14.306388269533517,0.10926927899328594,1205.470903240645,⚠️ Potential Misclassification
2024-02-04,42582.88,Bear,34238.856649999965,13.991823419238953,0.11054886276494469,1207.4454407060891,⚠️ Potential Misclassification
2024-02-05,42708.7,Bear,34303.40014999997,13.264810303644847,0.10847423876634708,1188.2865169066697,⚠️ Potential Misclassification
2024-02-06,43098.95,Bear,34369.38629999997,12.589726696307462,0.10881966793004469,1202.9630618067188,⚠️ Potential Misclassification
2024-02-07,44349.6,Bear,34442.16429999997,12.3404435421463,0.1152090580080871,1310.5528490389186,⚠️ Potential Misclassification
2024-02-08,45288.65,Bear,34518.188799999974,13.022353960363619,0.12830935293305837,1490.4791183486943,⚠️ Potential Misclassification
2024-02-09,47132.77,Bear,34607.97014999997,15.013486998188537,0.15218692661403016,1839.833476358826,⚠️ Potential Misclassification
2024-02-10,47751.09,Bear,34700.581049999964,16.86239624759739,0.17663390878205498,2163.393772588281,⚠️ Potential Misclassification
2024-02-11,48299.99,Bear,34795.32119999997,18.76542738323352,0.1892709944156059,2344.8189256274895,⚠️ Potential Misclassification
2024-02-12,49917.27,Bear,34898.79364999996,21.19320848470599,0.2061836808441744,2639.874737834524,⚠️ Potential Misclassification
2024-02-13,49699.59,Bear,35000.720899999964,23.459077879706296,0.22004099586866374,2805.011291658254,⚠️ Potential Misclassification
2024-02-14,51795.17,Bull,35112.93224999996,26.080825967750712,0.23242972180377883,3087.870875281948,
2024-02-15,51880.0,Bull,35225.926799999965,28.71749815032194,0.25376216815625957,3376.7977496513695,
2024-02-16,52124.11,Bull,35340.38609999997,31.165836605566653,0.2698664048353217,3607.9929649978126,
2024-02-17,51642.64,Bull,35450.06934999996,32.37769259902155,0.28028766240064007,3712.706540665451,
2024-02-18,52137.67,Bull,35564.82764999996,33.58398356911825,0.28846473881036505,3857.647660007567,
2024-02-19,51774.73,Bull,35677.73309999997,34.748094618508915,0.29387819906867707,3902.684275310091,
2024-02-20,52258.82,Bull,35793.45724999997,34.79255660185221,0.2909079514527531,3899.360583009262,
2024-02-21,51849.39,Bull,35907.34354999997,34.68721319338276,0.28926538191360723,3846.965748365677,
2024-02-22,51288.42,Bull,36018.34354999997,34.589394314089695,0.2831712877159519,3725.1755352906744,
2024-02-23,50744.15,Bull,36126.00899999997,34.00607873320036,0.2702750598426958,3517.792028006943,
2024-02-24,51568.22,Bull,36234.99799999997,33.56661806928065,0.24406383232171824,3228.2248280720414,
2024-02-25,51728.85,Bull,36345.73229999997,33.34003980782611,0.21541417895399725,2858.1519617574304,
2024-02-26,54476.47,Bull,36470.83589999997,34.62378383945789,0.18380688560879327,2568.3188583419064,
2024-02-27,57037.34,Bull,36608.89244999996,36.6052840981272,0.17539243487452005,2565.9508109696303,
2024-02-28,62432.1,Bull,36773.90209999996,39.4377417290621,0.20651827093421646,3307.0794577858414,
2024-02-29,61130.98,Bull,36933.03779999996,42.06788095778735,0.2364357460551679,3707.2570611591805,
2024-03-01,62387.9,Bull,37097.822649999966,44.51015309874652,0.25781415695561605,4125.583056776543,
2024-03-02,61987.28,Bull,37261.75904999997,46.77797722963718,0.27538697475400437,4378.48817481245,
2024-03-03,63113.97,Bull,37433.67634999997,48.9825979527806,0.2911650395379015,4713.49371915063,
2024-03-04,68245.71,Bull,37641.78784999997,51.497089213449996,0.31156843766230896,5453.898094500153,
2024-03-05,63724.01,Bull,37830.137899999965,51.66533019415193,0.3466725487817503,5666.31555560111,
2024-03-06,66074.04,Bull,38030.00804999997,51.82155396194658,0.3528546939288627,5980.052090988464,
2024-03-07,66823.17,Bull,38233.17394999997,52.0301252611952,0.36526988397236465,6260.645984996462,
2024-03-08,68124.19,Bull,38443.16029999997,52.57802086391153,0.37267564529524955,6511.9426886204465,
2024-03-09,68313.27,Bull,38654.44664999997,53.086781066433836,0.38177071958795855,6689.380457482661,
2024-03-10,68955.88,Bull,38867.06244999997,53.785027726696235,0.3833872058798609,6780.896679190554,
2024-03-11,72078.1,Bull,39096.55269999997,54.84325316737433,0.37953666242656275,7016.738155201279,
2024-03-12,71452.01,Bull,39323.51269999997,55.85122899451697,0.3833150352630012,7025.035299772674,
2024-03-13,73072.41,Bull,39558.78789999997,56.871583541395644,0.37088906432527174,6951.454194611085,
2024-03-14,71388.94,Bull,39785.223749999976,56.00836463763606,0.35654132470502714,6528.584254587421,
2024-03-15,69499.85,Bull,40002.12299999997,53.699136435807205,0.3311409163549282,5903.029037385109,
2024-03-16,65300.63,Bull,40190.04444999997,51.186049408423706,0.29822174773048227,4994.993050426349,
2024-03-17,68393.48,Bull,40395.51189999997,48.739358528286864,0.2423430064585792,4251.316119692492,
2024-03-18,67609.99,Bull,40603.85794999997,46.485213677837734,0.20916915574432837,3627.327105684685,
2024-03-19,61937.4,Bull,40784.519699999975,43.934774549316124,0.2304883552030318,3661.678123730055,
2024-03-20,67840.51,Bull,40994.37469999997,41.811648765575576,0.1951179916650896,3395.1942547618264,
2024-03-21,65501.27,Bull,41192.02499999997,39.77976610383687,0.19192166935251248,3224.4224712216337,
2024-03-22,63796.64,Bull,41381.87809999997,38.599171811741265,0.1885174209634268,3084.803478319772,
2024-03-23,63990.01,Bull,41572.86764999997,37.50290568336677,0.18423924010806658,3023.9354601722976,
2024-03-24,67209.99,Bull,41780.11784999997,35.720753802073865,0.17525799398033856,3021.2723296848017,
2024-03-25,69880.01,Bull,41998.242899999976,33.62362859582384,0.1630497738621561,2922.478772227268,
2024-03-26,69988.0,Bull,42218.63039999997,31.814686142089652,0.16307705677403675,2927.4848339194614,
2024-03-27,69469.99,Bull,42436.47229999998,29.767227903540707,0.16435345940422064,2928.561119010499,
2024-03-28,70780.6,Bull,42661.16724999998,27.86601668203097,0.1644247981466194,2985.106039992068,
2024-03-29,69850.54,Bull,42884.60734999998,26.100606262057646,0.16770059941187035,3004.5718142921733,
2024-03-30,69582.18,Bear,43103.31774999997,24.461296586368128,0.16887125250695673,3013.9216733923627,⚠️ Potential Misclassification
2024-03-31,71280.01,Bear,43328.607799999976,23.40705213471782,0.16233869673901943,2968.028132528974,⚠️ Potential Misclassification
2024-04-01,69649.8,Bear,43544.24314999997,21.78407627448406,0.162146353794783,2896.711655395152,⚠️ Potential Misclassification
2024-04-02,65463.99,Bear,43738.56309999998,21.64442093051049,0.16270739749407487,2732.0458054380456,⚠️ Potential Misclassification
2024-04-03,65963.28,Bear,43935.581149999976,21.533941122158588,0.15587391123488376,2637.265671087357,⚠️ Potential Misclassification
2024-04-04,68487.79,Bear,44145.38254999997,20.29548960733909,0.14854509507355598,2609.45417463077,⚠️ Potential Misclassification
2024-04-05,67820.62,Bear,44350.67309999997,19.145498915006698,0.14675364156453846,2552.870873763249,⚠️ Potential Misclassification
2024-04-06,68896.0,Bear,44559.10179999997,17.89750354602816,0.14499399196796306,2562.2542441224427,⚠️ Potential Misclassification
2024-04-07,69360.39,Bear,44770.27874999997,17.01615529461249,0.1454140322507949,2586.9977429459955,⚠️ Potential Misclassification
2024-04-08,71620.0,Bear,44995.53834999997,17.157217615225328,0.1261080136608865,2316.6221679867544,⚠️ Potential Misclassification
2024-04-09,69146.0,Bear,45208.36764999997,16.870882130889736,0.1308523857680867,2320.7422733670032,⚠️ Potential Misclassification
2024-04-10,70631.08,Bear,45428.643249999965,16.265012660202164,0.1251850661329904,2267.9139694678956,⚠️ Potential Misclassification
2024-04-11,70006.23,Bear,45647.432499999966,15.759244795855354,0.11002855701374581,1975.6968795027274,⚠️ Potential Misclassification
2024-04-12,67116.52,Bear,45851.49104999996,15.837303129692641,0.09647827206237966,1660.8757831993692,⚠️ Potential Misclassification
2024-04-13,63924.51,Bear,46040.00524999996,17.111661896835038,0.12129654688028851,1988.8134625897237,⚠️ Potential Misclassification
2024-04-14,65661.84,Bear,46236.44949999996,18.29499503775298,0.12497499093965543,2104.817124683028,⚠️ Potential Misclassification
2024-04-15,63419.99,Bear,46418.442499999954,18.900665514425924,0.1470372054398401,2391.8371950655865,⚠️ Potential Misclassification
2024-04-16,63793.39,Bear,46602.874649999954,19.647361164983,0.1581519723216167,2587.786838592771,⚠️ Potential Misclassification
2024-04-17,61277.37,Bear,46774.44869999994,20.833113807501498,0.1860767819483854,2924.627167787202,⚠️ Potential Misclassification
2024-04-18,63470.08,Bear,46951.83624999994,21.934169832697247,0.1853947041690273,3018.176102036854,⚠️ Potential Misclassification
2024-04-19,63818.01,Bear,47133.45374999994,22.248317855342272,0.18733460872432384,3066.475373845924,⚠️ Potential Misclassification
2024-04-20,64940.59,Bear,47321.02439999994,22.540026733512654,0.17588887550229032,2929.765147769814,⚠️ Potential Misclassification
2024-04-21,64941.15,Bear,47506.83729999994,22.655590508025263,0.17234871591179246,2870.8217841643777,⚠️ Potential Misclassification
2024-04-22,66819.32,Bear,47703.88194999994,21.93478189524164,0.1669522299104703,2861.359868808122,⚠️ Potential Misclassification
2024-04-23,66414.0,Bear,47896.29649999994,21.26545961194256,0.16778689835823107,2858.2215529926902,⚠️ Potential Misclassification
2024-04-24,64289.59,Bear,48077.961099999935,21.468916718980157,0.1737274672683282,2864.754104607521,⚠️ Potential Misclassification
2024-04-25,64498.34,Bear,48260.86754999994,21.933043586305246,0.17362870408730596,2872.4221507637553,⚠️ Potential Misclassification
2024-04-26,63770.01,Bear,48441.766999999934,22.364018534535685,0.17411853881553566,2847.9981644866066,⚠️ Potential Misclassification
2024-04-27,63461.98,Bear,48622.126299999945,23.081464128997123,0.17081126640284228,2780.4067647148295,⚠️ Potential Misclassification
2024-04-28,63118.62,Bear,48803.341799999944,23.447984681966677,0.1513354394072194,2450.0578740462865,⚠️ Potential Misclassification
2024-04-29,63866.0,Bear,48988.873649999936,24.157538404936734,0.1394449808686426,2284.287744541049,⚠️ Potential Misclassification
2024-04-30,60672.0,Bull,49157.92364999994,25.598049805324642,0.13222401767553182,2057.6754050139684,
2024-05-01,58364.97,Bull,49315.48609999994,27.546168459638285,0.13719859076856006,2053.9039172710904,
2024-05-02,59060.61,Bull,49475.018399999935,29.35513578150095,0.14342254444112765,2172.6689470377983,
2024-05-03,62882.01,Bull,49646.92454999994,28.849731301899944,0.1347845648613136,2173.926127818471,
2024-05-04,63892.04,Bull,49824.40519999993,27.807872885285583,0.12895711325118486,2113.344333186576,
2024-05-05,64012.0,Bull,50002.86519999993,26.790144216959163,0.12904072224156132,2118.6849798804506,
2024-05-06,63165.19,Bull,50175.12259999992,25.433482336020067,0.13064839772171014,2116.703854967478,
2024-05-07,62312.08,Bear,50338.33779999993,24.353688778457162,0.1298887757747551,2075.974802806528,⚠️ Potential Misclassification
2024-05-08,61193.03,Bear,50494.75394999992,23.890914996727314,0.13589217105925078,2132.9201700114218,⚠️ Potential Misclassification
2024-05-09,63074.01,Bear,50660.16169999992,23.239647636457914,0.1316237985209504,2129.428530667442,⚠️ Potential Misclassification
2024-05-10,60799.99,Bear,50798.81169999992,22.816217821659105,0.13826560101633936,2156.233850265559,⚠️ Potential Misclassification
2024-05-11,60825.99,Bear,50933.327999999914,22.42303299363164,0.13848883877404775,2160.6387762948575,⚠️ Potential Misclassification
2024-05-12,61483.99,Bear,51068.26769999991,21.821044109537333,0.12439010640678258,1961.6706241706197,⚠️ Potential Misclassification
2024-05-13,62940.08,Bear,51212.20979999991,20.34132379969963,0.10802757378546138,1743.9744534799815,⚠️ Potential Misclassification
2024-05-14,61577.49,Bear,51350.637149999915,18.967297797707477,0.10717177555427396,1692.7024168195064,⚠️ Potential Misclassification
2024-05-15,66206.5,Bear,51511.26464999992,19.109924098829737,0.1088325258693469,1848.1513944659923,⚠️ Potential Misclassification
2024-05-16,65235.21,Bear,51664.81124999992,19.362585515263948,0.11564749924657712,1935.0692731468587,⚠️ Potential Misclassification
2024-05-17,67024.0,Bear,51827.55759999991,19.87074360325514,0.12710135920616372,2185.0367408167767,⚠️ Potential Misclassification
2024-05-18,66915.2,Bear,51988.93474999991,20.34260468496125,0.1392026831478477,2389.189474470199,⚠️ Potential Misclassification
2024-05-19,66274.01,Bear,52143.197649999915,20.261405362832143,0.14735800527008983,2504.9276637435783,⚠️ Potential Misclassification
2024-05-20,71446.62,Bear,52325.72279999991,21.578540379486544,0.16869831694584067,3091.5099157424893,⚠️ Potential Misclassification
2024-05-21,70148.34,Bear,52502.88059999991,22.935562426617217,0.1776079054868762,3195.640356211163,⚠️ Potential Misclassification
2024-05-22,69166.62,Bear,52673.403349999906,23.97176737955931,0.17859814555904366,3168.485357744355,⚠️ Potential Misclassification
2024-05-23,67969.65,Bear,52838.1921999999,23.370628324123853,0.18543795188924092,3232.8969507148554,⚠️ Potential Misclassification
2024-05-24,68549.99,Bear,53005.711699999905,22.81242777264807,0.18948162231381485,3331.5987942527527,⚠️ Potential Misclassification
2024-05-25,69290.57,Bear,53175.16894999991,22.448545966479056,0.1943820786182844,3454.685855873579,⚠️ Potential Misclassification
2024-05-26,68507.67,Bear,53339.58369999991,21.877704255909055,0.1985528313080851,3488.939892341648,⚠️ Potential Misclassification
2024-05-27,69436.43,Bear,53503.260399999905,21.853475769619937,0.19679468527338562,3504.9268264383777,⚠️ Potential Misclassification
2024-05-28,68398.39,Bear,53658.74419999991,21.210208129919817,0.19167519897543114,3362.714588267078,⚠️ Potential Misclassification
2024-05-29,67652.42,Bear,53811.356299999905,20.516199521795876,0.18955172700617198,3289.1924753644244,⚠️ Potential Misclassification
2024-05-30,68352.17,Bear,53967.7964999999,20.15881134142799,0.17249121941637996,3024.109449723086,⚠️ Potential Misclassification
2024-05-31,67540.01,Bear,54123.1818999999,19.51200539891318,0.15411006725694415,2669.7484104557066,⚠️ Potential Misclassification
2024-06-01,67766.85,Bear,54284.2601999999,18.91139988086371,0.1326612602930275,2305.8955101166284,⚠️ Potential Misclassification
2024-06-02,67765.63,Bear,54433.79734999991,18.67974785474109,0.11727454624790219,2038.409560187592,⚠️ Potential Misclassification
2024-06-03,68809.9,Bear,54597.029299999915,19.38572263392226,0.08137682621922775,1436.249467356299,⚠️ Potential Misclassification
2024-06-04,70537.84,Bear,54766.64889999991,20.37443972029801,0.08061151240611598,1458.4697704469413,⚠️ Potential Misclassification
2024-06-05,71108.0,Bear,54939.348399999915,21.57511902428688,0.07622208111830607,1390.2006014555138,⚠️ Potential Misclassification
2024-06-06,70799.06,Bear,55106.54439999992,22.456277893976754,0.07799042907404452,1416.2731027523937,⚠️ Potential Misclassification
2024-06-07,69355.6,Bear,55266.07849999992,21.92720335063251,0.07570764207429183,1346.7886863361455,⚠️ Potential Misclassification
2024-06-08,69310.46,Bear,55433.92254999992,21.435919846098567,0.06706530918535644,1192.270829064889,⚠️ Potential Misclassification
2024-06-09,69648.14,Bear,55595.12154999993,21.13612675470821,0.05971914237446987,1066.844913732536,⚠️ Potential Misclassification
2024-06-10,69540.0,Bear,55756.35014999993,21.053260767558413,0.058357921300050235,1040.9088628633692,⚠️ Potential Misclassification
2024-06-11,67314.24,Bear,55904.35349999993,20.23987315762074,0.06391358890923557,1103.5152971572943,⚠️ Potential Misclassification
2024-06-12,68263.99,Bear,56056.770099999936,19.220687864838975,0.06240136965193974,1092.6070467917991,⚠️ Potential Misclassification
2024-06-13,66773.01,Bear,56203.397999999936,18.64216894760319,0.06949477736313688,1190.2311928569309,⚠️ Potential Misclassification
2024-06-14,66043.99,Bear,56347.404449999936,18.713371192774044,0.0787349216271332,1333.7637464780337,⚠️ Potential Misclassification
2024-06-15,66228.25,Bear,56489.451349999945,18.779487563289837,0.08473603418853251,1439.426917640699,⚠️ Potential Misclassification
2024-06-16,66676.87,Bear,56633.562499999935,18.43969088156857,0.08653143833126074,1479.8828364531485,⚠️ Potential Misclassification
2024-06-17,66504.33,Bear,56777.46434999993,18.620390603831343,0.0902230818442686,1539.0253955102453,⚠️ Potential Misclassification
2024-06-18,65175.32,Bear,56909.92834999994,19.315044461034343,0.10088200441951793,1686.4562562021508,⚠️ Potential Misclassification
2024-06-19,64974.37,Bear,57037.54844999993,19.960080185579987,0.10985571426434372,1830.8085645186857,⚠️ Potential Misclassification
2024-06-20,64869.99,Bear,57162.037099999936,19.90821706908418,0.11776477513444307,1959.464700667596,⚠️ Potential Misclassification
2024-06-21,64143.56,Bear,57272.79939999994,20.475434034993025,0.1294582359450702,2129.908519425929,⚠️ Potential Misclassification
2024-06-22,64262.01,Bear,57373.74284999994,21.002135503336955,0.13732097411777686,2263.4420866461455,⚠️ Potential Misclassification
2024-06-23,63210.01,Bear,57470.97944999994,21.874152047106218,0.15018454597390085,2434.945869642424,⚠️ Potential Misclassification
2024-06-24,60293.3,Bear,57556.08024999994,24.272590612714932,0.17846044980628428,2759.87392820059,⚠️ Potential Misclassification
2024-06-25,61806.01,Bull,57644.255349999934,26.499712137923023,0.1744857133308766,2766.105798860092,
2024-06-26,60864.99,Bull,57730.01229999994,28.50720172189443,0.17934054385147094,2799.7821699016695,
2024-06-27,61706.47,Bull,57819.59709999994,30.40062196193835,0.17726390938974895,2805.6224743958073,
2024-06-28,60427.84,Bull,57915.46929999994,32.31252139566318,0.18409816889146205,2853.4137226345383,
2024-06-29,60986.68,Bull,58012.940749999936,34.08785658412196,0.17620204249305751,2756.2850924924237,
2024-06-30,62772.01,Bull,58112.45564999994,33.9657251396852,0.15588188715543705,2509.8045144853404,
2024-07-01,62899.99,Bull,58211.84429999994,33.19803134667167,0.14940318749304884,2410.3973744686755,
2024-07-02,62135.47,Bull,58312.82014999994,32.8156324720894,0.13890986316432868,2213.8636894379533,
2024-07-03,60208.58,Bull,58402.47289999994,33.41059419798007,0.1431817360684247,2211.180595805759,
2024-07-04,57050.01,Bear,58480.84969999994,34.71232599130033,0.17214096456870653,2518.9419727754853,
2024-07-05,56628.79,Bear,58550.704649999934,36.589359308052885,0.18915792775588522,2747.5147696722106,
2024-07-06,58230.13,Bear,58630.475349999935,37.69254878646638,0.18084391935418054,2701.0329143027834,
2024-07-07,55857.81,Bear,58691.41974999994,38.7806153633973,0.19577357111502358,2804.8921910907334,
2024-07-08,56714.62,Bear,58755.683849999936,40.09610479463994,0.19572620855632522,2847.22780373152,
2024-07-09,58050.0,Bear,58826.08864999994,41.27338581329451,0.18525783053281789,2758.3984749204915,
2024-07-10,57725.85,Bear,58896.207099999934,41.49938406838849,0.1785835034148283,2644.173090636036,
2024-07-11,57339.89,Bear,58967.94904999994,41.57882450389252,0.17404851794347456,2559.7962059342926,
2024-07-12,57889.1,Bear,59039.51389999993,41.80411715779301,0.16073957034487454,2386.699855479285,
2024-07-13,59204.02,Bull,59122.98934999993,41.04117346974401,0.1471509565903481,2234.562428630543,
2024-07-14,60797.91,Bull,59209.83464999993,39.32774704153822,0.14412415729876768,2247.5203729283558,
2024-07-15,64724.14,Bull,59320.63654999994,37.00453292019028,0.1499411234907131,2489.2313116626883,
2024-07-16,65043.99,Bull,59435.52174999994,35.046453273248126,0.1654729349057659,2760.656361087804,
2024-07-17,64087.99,Bull,59545.26029999994,33.528387733514236,0.17608006060875783,2894.4432303290555,
2024-07-18,63987.92,Bull,59653.78199999995,31.793728403840202,0.18475444180368197,3032.2924706206923,
2024-07-19,66660.0,Bull,59766.18424999994,31.06557747464917,0.19681109526059648,3365.062179920973,
2024-07-20,67139.96,Bull,59877.14949999995,30.465657568678733,0.21231183505212028,3656.229835330305,
2024-07-21,68165.34,Bull,60003.750049999944,30.187338248494513,0.22891265507638126,4002.318201136715,
2024-07-22,67532.01,Bull,60120.65459999994,29.96860493641259,0.2462004582971038,4264.584647921048,
2024-07-23,65936.01,Bull,60229.60909999994,29.05762755313243,0.25948142338912383,4388.409440616018,
2024-07-24,65376.0,Bull,60336.64749999994,28.009373595154436,0.2591102909577076,4344.91428216976,
2024-07-25,65799.95,Bull,60446.00214999994,26.093233852236988,0.25165246234337457,4247.221920813226,
2024-07-26,67907.99,Bull,60550.78689999995,25.245675059455387,0.24735411065990684,4308.421794623022,
2024-07-27,67896.5,Bear,60659.71939999995,24.934769188042385,0.2368621646524025,4124.974682288265,⚠️ Potential Misclassification
2024-07-28,68249.88,Bear,60767.69884999995,24.646070878873168,0.22527609309113694,3943.6213016354395,⚠️ Potential Misclassification
2024-07-29,66784.69,Bull,60869.92649999995,25.038234049106915,0.21779187421516077,3730.755541108948,
2024-07-30,66188.0,Bear,60986.95284999994,24.710755772331044,0.20012371607615628,3397.473069364326,⚠️ Potential Misclassification
2024-07-31,64628.0,Bear,61095.85289999995,23.957991878979524,0.17534085449210832,2906.5783947087425,⚠️ Potential Misclassification
2024-08-01,65354.02,Bear,61213.96124999994,22.370988727313904,0.13977324412171785,2343.01224295883,⚠️ Potential Misclassification
2024-08-02,61498.33,Bear,61308.89739999994,21.37005057894907,0.1301492631792566,2052.973021975422,⚠️ Potential Misclassification
2024-08-03,60697.99,Bear,61396.69759999995,20.999617060131264,0.13267527111042218,2065.5822812652113,
2024-08-04,58161.0,Bear,61473.62209999995,21.576408503538044,0.17839850896797832,2661.3456981406166,
2024-08-05,54018.81,Bear,61537.07864999995,23.785560262446236,0.26538965756738697,3677.115003389284,
2024-08-06,56022.01,Bear,61608.89354999996,25.836915467146696,0.29014106188114047,4169.136255238019,
2024-08-07,55134.16,Bear,61676.084149999966,27.395964421457755,0.3292947382118496,4656.758966449466,
2024-08-08,61685.99,Bear,61776.612449999964,26.758826173110755,0.2931096172108874,4637.616296327515,
2024-08-09,60837.99,Bear,61882.96229999997,26.167197799645685,0.2951822966787973,4606.206147944222,
2024-08-10,60923.51,Bear,61988.09184999997,25.61782859571383,0.2876295968824897,4494.658449241894,
2024-08-11,58712.59,Bear,62081.230399999964,25.619532674276552,0.29631934677924077,4462.409819333228,
2024-08-12,59346.64,Bear,62178.15814999997,25.78182495658712,0.2920517624414563,4445.638790001455,
2024-08-13,60587.15,Bear,62271.97634999997,25.548909463640957,0.28299059068670046,4397.751906927304,
2024-08-14,58683.39,Bear,62354.79014999997,25.232496091532347,0.2899113671325958,4363.737763672288,
2024-08-15,57541.06,Bear,62432.34014999997,25.590206532698197,0.2842836777636717,4195.734407778232,
2024-08-16,58874.6,Bear,62510.19964999997,25.922366228066487,0.258724357324877,3907.000729904892,
2024-08-17,59491.99,Bear,62592.95409999997,26.230800230908468,0.22830069661403926,3483.7255920943976,
2024-08-18,58427.35,Bear,62672.19084999997,26.1949688247206,0.2098205825182492,3144.434000120452,
2024-08-19,59438.5,Bear,62753.96864999997,26.363963008010792,0.18148717622332938,2766.890616117832,
2024-08-20,59013.8,Bear,62833.03764999998,25.553646400594555,0.1645401919072786,2490.59886606518,
2024-08-21,61156.03,Bear,62923.762349999975,24.586864955067625,0.13334002380350066,2091.5970439742377,
2024-08-22,60375.84,Bear,63012.72714999997,23.68913932707833,0.13145360384751317,2035.7005268997532,
2024-08-23,64037.24,Bear,63119.369849999974,22.7671179574513,0.14034244787074976,2305.1535455029693,⚠️ Potential Misclassification
2024-08-24,64157.01,Bear,63224.66014999998,21.910955257083348,0.15497558264802075,2550.2666964043865,⚠️ Potential Misclassification
2024-08-25,64220.0,Bear,63324.01214999998,21.322903442561625,0.147507337840763,2429.753029820881,⚠️ Potential Misclassification
2024-08-26,62834.0,Bear,63411.738899999975,20.264591304312052,0.14444283353526446,2327.92461841348,
2024-08-27,59415.0,Bear,63473.15004999998,20.251546726500916,0.13155551700360854,2004.8568704373206,
2024-08-28,59034.9,Bear,63529.569099999986,20.2949217639297,0.13268381914817806,2009.1159508268438,
2024-08-29,59359.01,Bear,63584.86419999998,19.876876515502506,0.13251788391243507,2017.6198753308367,
2024-08-30,59123.99,Bear,63630.897799999984,19.845910377105234,0.13370155628191305,2027.581889221359,
2024-08-31,58973.99,Bear,63677.26979999999,19.817156105736338,0.13343253507587538,2018.3684786150604,
2024-09-01,57301.86,Bear,63704.80324999998,20.32949124078558,0.14380923773583293,2113.6530935011283,
2024-09-02,59132.13,Bear,63741.06389999999,20.60281156332375,0.13985001317537799,2121.1151243784248,
2024-09-03,57487.73,Bear,63767.88199999999,20.62823775154372,0.1476514252006283,2177.1633230812213,
2024-09-04,57970.9,Bear,63799.52329999999,21.304276551763042,0.14485785012391367,2153.9235482649015,
2024-09-05,56180.0,Bear,63819.73494999999,21.932026866252414,0.1600523487448475,2306.3328912027782,
2024-09-06,53962.97,Bear,63830.67614999999,23.4460068768326,0.19196581792965534,2657.039152437721,
2024-09-07,54160.86,Bear,63840.18634999999,24.85184545808563,0.20971602673263756,2913.368221848868,
2024-09-08,54869.95,Bear,63855.28914999998,25.83341415783943,0.21896571355102978,3081.6895610044608,
2024-09-09,57042.0,Bear,63884.05704999998,25.081794331643362,0.21305639651725727,3117.220529181606,
2024-09-10,57635.99,Bear,63918.51624999998,24.383861635889872,0.20906706935942143,3090.7052854122926,
2024-09-11,57338.0,Bear,63947.365149999976,24.07371047921649,0.20991041649126588,3087.128709960921,
2024-09-12,58132.32,Bear,63979.38249999998,23.429379780648567,0.18926094447110997,2821.9990589415734,
2024-09-13,60498.0,Bear,64009.490149999976,21.756880967366214,0.16331293687031098,2534.1937321280084,
2024-09-14,59993.03,Bear,64024.268599999974,20.2038463550326,0.14016425269160301,2156.831753902937,
2024-09-15,59132.0,Bear,64007.76809999998,19.119662450721847,0.12267923176514299,1860.6805674019395,
2024-09-16,58213.99,Bear,63993.183149999975,18.67980401965957,0.12230059833108667,1826.1403586593,
2024-09-17,60313.99,Bear,63982.81359999997,17.523488833595128,0.12240659196290217,1893.6559299418793,
2024-09-18,61759.99,Bear,63981.67714999998,16.66942030737275,0.13025865079623924,2063.440728817008,
2024-09-19,62947.99,Bear,63980.84724999998,16.757872512857926,0.14468274994919075,2336.02145864193,
2024-09-20,63201.05,Bear,63955.62394999998,16.95115376233964,0.15986449437769853,2591.5197204744886,
2024-09-21,63348.96,Bear,63953.74869999998,17.13062920828695,0.17263390931647968,2805.070628621584,
2024-09-22,63578.76,Bear,63941.27229999998,17.48723862756466,0.18473000867991335,3012.504540253042,
2024-09-23,63339.99,Bear,63923.85639999999,18.134568391966333,0.1939116591524317,3150.3595226008706,
2024-09-24,64262.7,Bear,63904.54894999999,18.7356603160536,0.20215098372013374,3332.061691758428,⚠️ Potential Misclassification
2024-09-25,63152.01,Bear,63878.742649999986,19.353408699578495,0.20567965909147432,3331.6297205607525,
2024-09-26,65173.99,Bear,63859.83319999999,20.381692501929596,0.19331804125479235,3231.6543372724814,⚠️ Potential Misclassification
2024-09-27,65769.95,Bear,63828.29244999998,21.608296060292997,0.18320683960945833,3090.6327389557036,⚠️ Potential Misclassification
2024-09-28,65858.0,Bear,63800.32239999998,22.7472850787733,0.17275225285399654,2918.1691605405163,⚠️ Potential Misclassification
2024-09-29,65602.01,Bear,63762.970399999984,23.804917738790724,0.16946674229396622,2851.5423967468323,⚠️ Potential Misclassification
2024-09-30,63327.59,Bear,63722.66364999998,22.635620574503328,0.16472153957404143,2675.6022937614366,
2024-10-01,60805.78,Bear,63679.193299999984,22.005192153133066,0.15663740713770927,2442.972371542365,
2024-10-02,60649.28,Bear,63655.93654999998,21.498632710198233,0.14586316713182126,2269.078363641652,
2024-10-03,60752.71,Bear,63617.73269999998,21.114852359002477,0.14488221726114278,2257.662113829747,
2024-10-04,62086.0,Bear,63590.11274999998,20.073932537782174,0.1368696788761676,2179.611722092607,
2024-10-05,62058.0,Bear,63590.715749999974,19.10736413236332,0.12706836610612554,2022.6159455228951,
2024-10-06,62819.91,Bear,63565.61274999998,17.796634072094157,0.10611179308795239,1709.7758134387914,
2024-10-07,62224.0,Bear,63549.22639999998,17.38505559476158,0.10020245974073606,1599.2432061088352,
2024-10-08,62160.49,Bear,63541.04564999998,16.812666514358153,0.09931979154183454,1583.5377998483084,
2024-10-09,60636.02,Bear,63524.27569999998,15.956060497683834,0.1080776857811878,1680.9118169387982,
2024-10-10,60326.39,Bear,63489.85769999998,15.89679514205075,0.11542806800831987,1786.0638075651127,
2024-10-11,62540.0,Bear,63453.15764999998,14.937443413207754,0.11124126572232634,1784.4402252062114,
2024-10-12,63206.22,Bear,63419.248749999984,14.080605277249315,0.10969830760964558,1778.434816391057,
2024-10-13,62870.02,Bear,63386.24889999998,13.125645510598272,0.11004384965450974,1774.54729829775,
2024-10-14,66083.99,Bear,63362.76584999998,13.715005677174792,0.11182269670638943,1895.4154846960516,⚠️ Potential Misclassification
2024-10-15,67074.14,Bear,63348.88384999999,14.803020514016168,0.12280427662675365,2112.743675424275,⚠️ Potential Misclassification
2024-10-16,67620.01,Bear,63339.07299999999,15.9797169103653,0.13269116697711333,2301.4177073211995,⚠️ Potential Misclassification
2024-10-17,67421.78,Bear,63319.781849999985,17.013717492862963,0.14016898701921568,2423.987382750997,⚠️ Potential Misclassification
2024-10-18,68428.0,Bear,63313.67284999998,18.36111329068638,0.1496223174611144,2626.0828886483755,⚠️ Potential Misclassification
2024-10-19,68378.0,Bear,63328.24289999998,19.612266531522412,0.16040928074147012,2813.3521162224997,⚠️ Potential Misclassification
2024-10-20,69031.99,Bear,63343.58644999999,21.034316236152446,0.17310306349780125,3065.020284006186,⚠️ Potential Misclassification
2024-10-21,67377.5,Bear,63338.03499999999,21.374942756264353,0.1778017992281263,3072.764311959071,⚠️ Potential Misclassification
2024-10-22,67426.0,Bear,63336.06189999999,21.492313826249255,0.17551981873618416,3035.510671364745,⚠️ Potential Misclassification
2024-10-23,66668.65,Bear,63324.925149999995,20.687128808216112,0.17163831369311308,2935.040552151076,⚠️ Potential Misclassification
2024-10-24,68198.28,Bear,63319.11459999999,20.614547262686536,0.16883474792158545,2953.3400944840446,⚠️ Potential Misclassification
2024-10-25,66698.33,Bear,63294.50624999999,19.949180286376503,0.16839691255731026,2880.8940784492734,⚠️ Potential Misclassification
2024-10-26,67092.76,Bear,63284.24004999999,19.331339522660045,0.16507743382137932,2840.8059760420847,⚠️ Potential Misclassification
2024-10-27,68021.7,Bear,63271.193149999985,19.21560349042206,0.15911637197257428,2776.134833800889,⚠️ Potential Misclassification
2024-10-28,69962.21,Bear,63270.973049999986,19.970393921393736,0.1547301775416779,2776.621931156919,⚠️ Potential Misclassification
2024-10-29,72736.42,Bear,63299.07254999999,21.74718977917608,0.15042585486300702,2806.4196727413923,⚠️ Potential Misclassification
2024-10-30,72344.74,Bear,63341.17369999999,23.397071647116825,0.14088927333825887,2614.3461860037173,⚠️ Potential Misclassification
2024-10-31,70292.01,Bear,63364.32454999999,23.73902249532212,0.13387031415954997,2413.617526109603,⚠️ Potential Misclassification
2024-11-01,69496.01,Bear,63394.70464999999,23.52798448068878,0.12202568592322662,2175.1506159800515,⚠️ Potential Misclassification
2024-11-02,69374.74,Bear,63422.61139999999,23.33202060995782,0.10090605462363529,1795.5470938168514,⚠️ Potential Misclassification
2024-11-03,68775.99,Bear,63460.104499999994,22.241717450652146,0.0966275698631134,1704.574997565273,⚠️ Potential Misclassification
2024-11-04,67850.01,Bear,63482.00414999999,20.875928057449,0.09631066894674961,1676.1100162704945,⚠️ Potential Misclassification
2024-11-05,69372.01,Bear,63509.77414999999,20.13537894059484,0.09355374421916357,1664.652769391342,⚠️ Potential Misclassification
2024-11-06,75571.99,Bear,63562.93114999999,21.411864946629187,0.11483875825143945,2226.0122618705986,⚠️ Potential Misclassification
2024-11-07,75857.89,Bear,63617.51484999999,22.707601187869773,0.13739702491197253,2673.352907986926,⚠️ Potential Misclassification
2024-11-08,76509.78,Bear,63665.96714999999,23.99912990815083,0.15681332976691176,3077.3588056476,⚠️ Potential Misclassification
2024-11-09,76677.46,Bull,63717.28444999999,25.198406576983245,0.17367888461462055,3415.804021496978,
2024-11-10,80370.01,Bull,63797.68654999999,27.31748971082454,0.19458494891209727,4011.266098541356,
2024-11-11,88647.99,Bull,63918.434799999995,30.281051235670798,0.24369506727555387,5541.07256259025,
2024-11-12,87952.01,Bull,64039.34479999999,33.070090286416324,0.2850463054260257,6430.420766660838,
2024-11-13,90375.2,Bull,64173.91089999999,35.93883570705316,0.3185345583519847,7383.869865199247,
2024-11-14,87325.59,Bull,64294.94574999999,38.60267074050165,0.34440864918583713,7714.251329021231,
2024-11-15,91032.07,Bull,64430.776099999995,41.08131150295382,0.3522794903043933,8225.456002883857,
2024-11-16,90586.92,Bull,64580.350699999995,43.3829064966594,0.36810278116105927,8552.888264892254,
2024-11-17,89855.99,Bull,64737.805799999995,44.72635196122736,0.38082890800797464,8777.182871386885,
2024-11-18,90464.08,Bull,64894.82315,46.1248068460453,0.3900288177533808,9050.051976919707,
2024-11-19,92310.79,Bull,65041.96704999999,47.58797956301046,0.3937819572574301,9323.661266521805,
2024-11-20,94286.56,Bull,65193.93965,49.05829599148876,0.3924934760169741,9492.05922657852,
2024-11-21,98317.12,Bull,65365.465249999994,50.842912341533165,0.38610910410568183,9736.825713797016,
2024-11-22,98892.0,Bull,65544.0993,52.55174359928684,0.38587049146656405,9787.706422274765,
2024-11-23,97672.4,Bull,65720.9009,54.13851548148667,0.3777612463662475,9463.841714079208,
2024-11-24,97900.04,Bull,65904.43595,54.73555972816511,0.35016249633089164,8792.871067283668,
2024-11-25,93010.01,Bull,66054.11594999999,53.61086361877902,0.3250915541639531,7755.567531751519,
2024-11-26,91965.16,Bull,66209.9418,51.747499001923984,0.3026460243478968,7138.985667462124,
2024-11-27,95863.11,Bull,66385.1274,50.529202103618424,0.26434285451999173,6499.7596245731775,
2024-11-28,95643.98,Bull,66555.92735,49.39792641233469,0.23193018784184377,5689.749230000801,
2024-11-29,97460.0,Bull,66728.52695,48.792700517691074,0.18607221141226285,4651.426172210419,
2024-11-30,96407.99,Bull,66902.67945,48.230705044093426,0.15144400584152407,3744.9267123669847,
2024-12-01,97185.18,Bull,67057.57285,47.4976114826524,0.1473397359257277,3672.8072457790913,
2024-12-02,95840.62,Bull,67210.59989999999,46.14017560229525,0.1397789427750811,3436.1298865514923,
2024-12-03,95849.69,Bull,67354.72834999998,44.471839630744974,0.13580720731284854,3338.8102437072107,
2024-12-04,98587.32,Bull,67513.08894999999,43.67465700672871,0.11936294573037075,3018.344419344332,
2024-12-05,96945.63,Bull,67666.44704999999,43.96843901398359,0.11666657699487282,2901.0345367380696,
2024-12-06,99740.84,Bull,67807.91815,44.24123659214884,0.11131887730545784,2847.869242315384,
2024-12-07,99831.99,Bull,67956.3364,44.49454862901656,0.10287382226094369,2634.2246568182345,
2024-12-08,101109.59,Bull,68116.05125,44.902574598298244,0.09576501197404792,2483.575818493192,
2024-12-09,97276.47,Bull,68262.58535000001,43.158464571969105,0.09038054335896106,2255.0748234779526,
2024-12-10,96593.0,Bull,68402.80040000001,41.53893383323491,0.0874584512976414,2166.8340090424695,
